image_name,folder_original,folder_green,folder_green_rolled,folder_green_threshold,folder_green_round,folder_green_watershed,folder_green_transection,folder_green_feature,folder_green_cluster
C_stock_C11R1_1,/Users/cychang/Dropbox/lab/emergent-coexistence/data/raw/plate_scan/emergent_coexistence_plate_scan_check/check/C-00-original/,/Users/cychang/Dropbox/lab/emergent-coexistence/data/raw/plate_scan/emergent_coexistence_plate_scan_check/check/C-01-green_channel/,/Users/cychang/Dropbox/lab/emergent-coexistence/data/raw/plate_scan/emergent_coexistence_plate_scan_check/check/C-02-green_rolled/,/Users/cychang/Dropbox/lab/emergent-coexistence/data/raw/plate_scan/emergent_coexistence_plate_scan_check/check/C-03-green_threshold/,/Users/cychang/Dropbox/lab/emergent-coexistence/data/raw/plate_scan/emergent_coexistence_plate_scan_check/check/C-04-green_round/,/Users/cychang/Dropbox/lab/emergent-coexistence/data/raw/plate_scan/emergent_coexistence_plate_scan_check/check/C-05-green_watershed/,/Users/cychang/Dropbox/lab/emergent-coexistence/data/raw/plate_scan/emergent_coexistence_plate_scan_check/check/C-06-green_transection/,/Users/cychang/Dropbox/lab/emergent-coexistence/data/raw/plate_scan/emergent_coexistence_plate_scan_check/check/C-07-green_feature/,/Users/cychang/Dropbox/lab/emergent-coexistence/data/raw/plate_scan/emergent_coexistence_plate_scan_check/check/C-08-green_cluster/
C_T0_C11R1_2,/Users/cychang/Dropbox/lab/emergent-coexistence/data/raw/plate_scan/emergent_coexistence_plate_scan_check/check/C-00-original/,/Users/cychang/Dropbox/lab/emergent-coexistence/data/raw/plate_scan/emergent_coexistence_plate_scan_check/check/C-01-green_channel/,/Users/cychang/Dropbox/lab/emergent-coexistence/data/raw/plate_scan/emergent_coexistence_plate_scan_check/check/C-02-green_rolled/,/Users/cychang/Dropbox/lab/emergent-coexistence/data/raw/plate_scan/emergent_coexistence_plate_scan_check/check/C-03-green_threshold/,/Users/cychang/Dropbox/lab/emergent-coexistence/data/raw/plate_scan/emergent_coexistence_plate_scan_check/check/C-04-green_round/,/Users/cychang/Dropbox/lab/emergent-coexistence/data/raw/plate_scan/emergent_coexistence_plate_scan_check/check/C-05-green_watershed/,/Users/cychang/Dropbox/lab/emergent-coexistence/data/raw/plate_scan/emergent_coexistence_plate_scan_check/check/C-06-green_transection/,/Users/cychang/Dropbox/lab/emergent-coexistence/data/raw/plate_scan/emergent_coexistence_plate_scan_check/check/C-07-green_feature/,/Users/cychang/Dropbox/lab/emergent-coexistence/data/raw/plate_scan/emergent_coexistence_plate_scan_check/check/C-08-green_cluster/
C_T0_C11R1_8,/Users/cychang/Dropbox/lab/emergent-coexistence/data/raw/plate_scan/emergent_coexistence_plate_scan_check/check/C-00-original/,/Users/cychang/Dropbox/lab/emergent-coexistence/data/raw/plate_scan/emergent_coexistence_plate_scan_check/check/C-01-green_channel/,/Users/cychang/Dropbox/lab/emergent-coexistence/data/raw/plate_scan/emergent_coexistence_plate_scan_check/check/C-02-green_rolled/,/Users/cychang/Dropbox/lab/emergent-coexistence/data/raw/plate_scan/emergent_coexistence_plate_scan_check/check/C-03-green_threshold/,/Users/cychang/Dropbox/lab/emergent-coexistence/data/raw/plate_scan/emergent_coexistence_plate_scan_check/check/C-04-green_round/,/Users/cychang/Dropbox/lab/emergent-coexistence/data/raw/plate_scan/emergent_coexistence_plate_scan_check/check/C-05-green_watershed/,/Users/cychang/Dropbox/lab/emergent-coexistence/data/raw/plate_scan/emergent_coexistence_plate_scan_check/check/C-06-green_transection/,/Users/cychang/Dropbox/lab/emergent-coexistence/data/raw/plate_scan/emergent_coexistence_plate_scan_check/check/C-07-green_feature/,/Users/cychang/Dropbox/lab/emergent-coexistence/data/raw/plate_scan/emergent_coexistence_plate_scan_check/check/C-08-green_cluster/
C_T0_C11R1_9,/Users/cychang/Dropbox/lab/emergent-coexistence/data/raw/plate_scan/emergent_coexistence_plate_scan_check/check/C-00-original/,/Users/cychang/Dropbox/lab/emergent-coexistence/data/raw/plate_scan/emergent_coexistence_plate_scan_check/check/C-01-green_channel/,/Users/cychang/Dropbox/lab/emergent-coexistence/data/raw/plate_scan/emergent_coexistence_plate_scan_check/check/C-02-green_rolled/,/Users/cychang/Dropbox/lab/emergent-coexistence/data/raw/plate_scan/emergent_coexistence_plate_scan_check/check/C-03-green_threshold/,/Users/cychang/Dropbox/lab/emergent-coexistence/data/raw/plate_scan/emergent_coexistence_plate_scan_check/check/C-04-green_round/,/Users/cychang/Dropbox/lab/emergent-coexistence/data/raw/plate_scan/emergent_coexistence_plate_scan_check/check/C-05-green_watershed/,/Users/cychang/Dropbox/lab/emergent-coexistence/data/raw/plate_scan/emergent_coexistence_plate_scan_check/check/C-06-green_transection/,/Users/cychang/Dropbox/lab/emergent-coexistence/data/raw/plate_scan/emergent_coexistence_plate_scan_check/check/C-07-green_feature/,/Users/cychang/Dropbox/lab/emergent-coexistence/data/raw/plate_scan/emergent_coexistence_plate_scan_check/check/C-08-green_cluster/
C_T8_C11R1_3,/Users/cychang/Dropbox/lab/emergent-coexistence/data/raw/plate_scan/emergent_coexistence_plate_scan_check/check/C-00-original/,/Users/cychang/Dropbox/lab/emergent-coexistence/data/raw/plate_scan/emergent_coexistence_plate_scan_check/check/C-01-green_channel/,/Users/cychang/Dropbox/lab/emergent-coexistence/data/raw/plate_scan/emergent_coexistence_plate_scan_check/check/C-02-green_rolled/,/Users/cychang/Dropbox/lab/emergent-coexistence/data/raw/plate_scan/emergent_coexistence_plate_scan_check/check/C-03-green_threshold/,/Users/cychang/Dropbox/lab/emergent-coexistence/data/raw/plate_scan/emergent_coexistence_plate_scan_check/check/C-04-green_round/,/Users/cychang/Dropbox/lab/emergent-coexistence/data/raw/plate_scan/emergent_coexistence_plate_scan_check/check/C-05-green_watershed/,/Users/cychang/Dropbox/lab/emergent-coexistence/data/raw/plate_scan/emergent_coexistence_plate_scan_check/check/C-06-green_transection/,/Users/cychang/Dropbox/lab/emergent-coexistence/data/raw/plate_scan/emergent_coexistence_plate_scan_check/check/C-07-green_feature/,/Users/cychang/Dropbox/lab/emergent-coexistence/data/raw/plate_scan/emergent_coexistence_plate_scan_check/check/C-08-green_cluster/
C_T8_C11R1_4,/Users/cychang/Dropbox/lab/emergent-coexistence/data/raw/plate_scan/emergent_coexistence_plate_scan_check/check/C-00-original/,/Users/cychang/Dropbox/lab/emergent-coexistence/data/raw/plate_scan/emergent_coexistence_plate_scan_check/check/C-01-green_channel/,/Users/cychang/Dropbox/lab/emergent-coexistence/data/raw/plate_scan/emergent_coexistence_plate_scan_check/check/C-02-green_rolled/,/Users/cychang/Dropbox/lab/emergent-coexistence/data/raw/plate_scan/emergent_coexistence_plate_scan_check/check/C-03-green_threshold/,/Users/cychang/Dropbox/lab/emergent-coexistence/data/raw/plate_scan/emergent_coexistence_plate_scan_check/check/C-04-green_round/,/Users/cychang/Dropbox/lab/emergent-coexistence/data/raw/plate_scan/emergent_coexistence_plate_scan_check/check/C-05-green_watershed/,/Users/cychang/Dropbox/lab/emergent-coexistence/data/raw/plate_scan/emergent_coexistence_plate_scan_check/check/C-06-green_transection/,/Users/cychang/Dropbox/lab/emergent-coexistence/data/raw/plate_scan/emergent_coexistence_plate_scan_check/check/C-07-green_feature/,/Users/cychang/Dropbox/lab/emergent-coexistence/data/raw/plate_scan/emergent_coexistence_plate_scan_check/check/C-08-green_cluster/
C_T8_C11R1_5,/Users/cychang/Dropbox/lab/emergent-coexistence/data/raw/plate_scan/emergent_coexistence_plate_scan_check/check/C-00-original/,/Users/cychang/Dropbox/lab/emergent-coexistence/data/raw/plate_scan/emergent_coexistence_plate_scan_check/check/C-01-green_channel/,/Users/cychang/Dropbox/lab/emergent-coexistence/data/raw/plate_scan/emergent_coexistence_plate_scan_check/check/C-02-green_rolled/,/Users/cychang/Dropbox/lab/emergent-coexistence/data/raw/plate_scan/emergent_coexistence_plate_scan_check/check/C-03-green_threshold/,/Users/cychang/Dropbox/lab/emergent-coexistence/data/raw/plate_scan/emergent_coexistence_plate_scan_check/check/C-04-green_round/,/Users/cychang/Dropbox/lab/emergent-coexistence/data/raw/plate_scan/emergent_coexistence_plate_scan_check/check/C-05-green_watershed/,/Users/cychang/Dropbox/lab/emergent-coexistence/data/raw/plate_scan/emergent_coexistence_plate_scan_check/check/C-06-green_transection/,/Users/cychang/Dropbox/lab/emergent-coexistence/data/raw/plate_scan/emergent_coexistence_plate_scan_check/check/C-07-green_feature/,/Users/cychang/Dropbox/lab/emergent-coexistence/data/raw/plate_scan/emergent_coexistence_plate_scan_check/check/C-08-green_cluster/
C_T8_C11R1_5-95_1_2,/Users/cychang/Dropbox/lab/emergent-coexistence/data/raw/plate_scan/emergent_coexistence_plate_scan_check/check/C-00-original/,/Users/cychang/Dropbox/lab/emergent-coexistence/data/raw/plate_scan/emergent_coexistence_plate_scan_check/check/C-01-green_channel/,/Users/cychang/Dropbox/lab/emergent-coexistence/data/raw/plate_scan/emergent_coexistence_plate_scan_check/check/C-02-green_rolled/,/Users/cychang/Dropbox/lab/emergent-coexistence/data/raw/plate_scan/emergent_coexistence_plate_scan_check/check/C-03-green_threshold/,/Users/cychang/Dropbox/lab/emergent-coexistence/data/raw/plate_scan/emergent_coexistence_plate_scan_check/check/C-04-green_round/,/Users/cychang/Dropbox/lab/emergent-coexistence/data/raw/plate_scan/emergent_coexistence_plate_scan_check/check/C-05-green_watershed/,/Users/cychang/Dropbox/lab/emergent-coexistence/data/raw/plate_scan/emergent_coexistence_plate_scan_check/check/C-06-green_transection/,/Users/cychang/Dropbox/lab/emergent-coexistence/data/raw/plate_scan/emergent_coexistence_plate_scan_check/check/C-07-green_feature/,/Users/cychang/Dropbox/lab/emergent-coexistence/data/raw/plate_scan/emergent_coexistence_plate_scan_check/check/C-08-green_cluster/
C_T8_C11R1_5-95_1_3,/Users/cychang/Dropbox/lab/emergent-coexistence/data/raw/plate_scan/emergent_coexistence_plate_scan_check/check/C-00-original/,/Users/cychang/Dropbox/lab/emergent-coexistence/data/raw/plate_scan/emergent_coexistence_plate_scan_check/check/C-01-green_channel/,/Users/cychang/Dropbox/lab/emergent-coexistence/data/raw/plate_scan/emergent_coexistence_plate_scan_check/check/C-02-green_rolled/,/Users/cychang/Dropbox/lab/emergent-coexistence/data/raw/plate_scan/emergent_coexistence_plate_scan_check/check/C-03-green_threshold/,/Users/cychang/Dropbox/lab/emergent-coexistence/data/raw/plate_scan/emergent_coexistence_plate_scan_check/check/C-04-green_round/,/Users/cychang/Dropbox/lab/emergent-coexistence/data/raw/plate_scan/emergent_coexistence_plate_scan_check/check/C-05-green_watershed/,/Users/cychang/Dropbox/lab/emergent-coexistence/data/raw/plate_scan/emergent_coexistence_plate_scan_check/check/C-06-green_transection/,/Users/cychang/Dropbox/lab/emergent-coexistence/data/raw/plate_scan/emergent_coexistence_plate_scan_check/check/C-07-green_feature/,/Users/cychang/Dropbox/lab/emergent-coexistence/data/raw/plate_scan/emergent_coexistence_plate_scan_check/check/C-08-green_cluster/
C_T8_C11R1_5-95_1_4,/Users/cychang/Dropbox/lab/emergent-coexistence/data/raw/plate_scan/emergent_coexistence_plate_scan_check/check/C-00-original/,/Users/cychang/Dropbox/lab/emergent-coexistence/data/raw/plate_scan/emergent_coexistence_plate_scan_check/check/C-01-green_channel/,/Users/cychang/Dropbox/lab/emergent-coexistence/data/raw/plate_scan/emergent_coexistence_plate_scan_check/check/C-02-green_rolled/,/Users/cychang/Dropbox/lab/emergent-coexistence/data/raw/plate_scan/emergent_coexistence_plate_scan_check/check/C-03-green_threshold/,/Users/cychang/Dropbox/lab/emergent-coexistence/data/raw/plate_scan/emergent_coexistence_plate_scan_check/check/C-04-green_round/,/Users/cychang/Dropbox/lab/emergent-coexistence/data/raw/plate_scan/emergent_coexistence_plate_scan_check/check/C-05-green_watershed/,/Users/cychang/Dropbox/lab/emergent-coexistence/data/raw/plate_scan/emergent_coexistence_plate_scan_check/check/C-06-green_transection/,/Users/cychang/Dropbox/lab/emergent-coexistence/data/raw/plate_scan/emergent_coexistence_plate_scan_check/check/C-07-green_feature/,/Users/cychang/Dropbox/lab/emergent-coexistence/data/raw/plate_scan/emergent_coexistence_plate_scan_check/check/C-08-green_cluster/
C_T8_C11R1_5-95_1_5,/Users/cychang/Dropbox/lab/emergent-coexistence/data/raw/plate_scan/emergent_coexistence_plate_scan_check/check/C-00-original/,/Users/cychang/Dropbox/lab/emergent-coexistence/data/raw/plate_scan/emergent_coexistence_plate_scan_check/check/C-01-green_channel/,/Users/cychang/Dropbox/lab/emergent-coexistence/data/raw/plate_scan/emergent_coexistence_plate_scan_check/check/C-02-green_rolled/,/Users/cychang/Dropbox/lab/emergent-coexistence/data/raw/plate_scan/emergent_coexistence_plate_scan_check/check/C-03-green_threshold/,/Users/cychang/Dropbox/lab/emergent-coexistence/data/raw/plate_scan/emergent_coexistence_plate_scan_check/check/C-04-green_round/,/Users/cychang/Dropbox/lab/emergent-coexistence/data/raw/plate_scan/emergent_coexistence_plate_scan_check/check/C-05-green_watershed/,/Users/cychang/Dropbox/lab/emergent-coexistence/data/raw/plate_scan/emergent_coexistence_plate_scan_check/check/C-06-green_transection/,/Users/cychang/Dropbox/lab/emergent-coexistence/data/raw/plate_scan/emergent_coexistence_plate_scan_check/check/C-07-green_feature/,/Users/cychang/Dropbox/lab/emergent-coexistence/data/raw/plate_scan/emergent_coexistence_plate_scan_check/check/C-08-green_cluster/
C_T8_C11R1_5-95_1_6,/Users/cychang/Dropbox/lab/emergent-coexistence/data/raw/plate_scan/emergent_coexistence_plate_scan_check/check/C-00-original/,/Users/cychang/Dropbox/lab/emergent-coexistence/data/raw/plate_scan/emergent_coexistence_plate_scan_check/check/C-01-green_channel/,/Users/cychang/Dropbox/lab/emergent-coexistence/data/raw/plate_scan/emergent_coexistence_plate_scan_check/check/C-02-green_rolled/,/Users/cychang/Dropbox/lab/emergent-coexistence/data/raw/plate_scan/emergent_coexistence_plate_scan_check/check/C-03-green_threshold/,/Users/cychang/Dropbox/lab/emergent-coexistence/data/raw/plate_scan/emergent_coexistence_plate_scan_check/check/C-04-green_round/,/Users/cychang/Dropbox/lab/emergent-coexistence/data/raw/plate_scan/emergent_coexistence_plate_scan_check/check/C-05-green_watershed/,/Users/cychang/Dropbox/lab/emergent-coexistence/data/raw/plate_scan/emergent_coexistence_plate_scan_check/check/C-06-green_transection/,/Users/cychang/Dropbox/lab/emergent-coexistence/data/raw/plate_scan/emergent_coexistence_plate_scan_check/check/C-07-green_feature/,/Users/cychang/Dropbox/lab/emergent-coexistence/data/raw/plate_scan/emergent_coexistence_plate_scan_check/check/C-08-green_cluster/
C_T8_C11R1_5-95_1_7,/Users/cychang/Dropbox/lab/emergent-coexistence/data/raw/plate_scan/emergent_coexistence_plate_scan_check/check/C-00-original/,/Users/cychang/Dropbox/lab/emergent-coexistence/data/raw/plate_scan/emergent_coexistence_plate_scan_check/check/C-01-green_channel/,/Users/cychang/Dropbox/lab/emergent-coexistence/data/raw/plate_scan/emergent_coexistence_plate_scan_check/check/C-02-green_rolled/,/Users/cychang/Dropbox/lab/emergent-coexistence/data/raw/plate_scan/emergent_coexistence_plate_scan_check/check/C-03-green_threshold/,/Users/cychang/Dropbox/lab/emergent-coexistence/data/raw/plate_scan/emergent_coexistence_plate_scan_check/check/C-04-green_round/,/Users/cychang/Dropbox/lab/emergent-coexistence/data/raw/plate_scan/emergent_coexistence_plate_scan_check/check/C-05-green_watershed/,/Users/cychang/Dropbox/lab/emergent-coexistence/data/raw/plate_scan/emergent_coexistence_plate_scan_check/check/C-06-green_transection/,/Users/cychang/Dropbox/lab/emergent-coexistence/data/raw/plate_scan/emergent_coexistence_plate_scan_check/check/C-07-green_feature/,/Users/cychang/Dropbox/lab/emergent-coexistence/data/raw/plate_scan/emergent_coexistence_plate_scan_check/check/C-08-green_cluster/
C_T8_C11R1_5-95_1_8,/Users/cychang/Dropbox/lab/emergent-coexistence/data/raw/plate_scan/emergent_coexistence_plate_scan_check/check/C-00-original/,/Users/cychang/Dropbox/lab/emergent-coexistence/data/raw/plate_scan/emergent_coexistence_plate_scan_check/check/C-01-green_channel/,/Users/cychang/Dropbox/lab/emergent-coexistence/data/raw/plate_scan/emergent_coexistence_plate_scan_check/check/C-02-green_rolled/,/Users/cychang/Dropbox/lab/emergent-coexistence/data/raw/plate_scan/emergent_coexistence_plate_scan_check/check/C-03-green_threshold/,/Users/cychang/Dropbox/lab/emergent-coexistence/data/raw/plate_scan/emergent_coexistence_plate_scan_check/check/C-04-green_round/,/Users/cychang/Dropbox/lab/emergent-coexistence/data/raw/plate_scan/emergent_coexistence_plate_scan_check/check/C-05-green_watershed/,/Users/cychang/Dropbox/lab/emergent-coexistence/data/raw/plate_scan/emergent_coexistence_plate_scan_check/check/C-06-green_transection/,/Users/cychang/Dropbox/lab/emergent-coexistence/data/raw/plate_scan/emergent_coexistence_plate_scan_check/check/C-07-green_feature/,/Users/cychang/Dropbox/lab/emergent-coexistence/data/raw/plate_scan/emergent_coexistence_plate_scan_check/check/C-08-green_cluster/
C_T8_C11R1_5-95_1_9,/Users/cychang/Dropbox/lab/emergent-coexistence/data/raw/plate_scan/emergent_coexistence_plate_scan_check/check/C-00-original/,/Users/cychang/Dropbox/lab/emergent-coexistence/data/raw/plate_scan/emergent_coexistence_plate_scan_check/check/C-01-green_channel/,/Users/cychang/Dropbox/lab/emergent-coexistence/data/raw/plate_scan/emergent_coexistence_plate_scan_check/check/C-02-green_rolled/,/Users/cychang/Dropbox/lab/emergent-coexistence/data/raw/plate_scan/emergent_coexistence_plate_scan_check/check/C-03-green_threshold/,/Users/cychang/Dropbox/lab/emergent-coexistence/data/raw/plate_scan/emergent_coexistence_plate_scan_check/check/C-04-green_round/,/Users/cychang/Dropbox/lab/emergent-coexistence/data/raw/plate_scan/emergent_coexistence_plate_scan_check/check/C-05-green_watershed/,/Users/cychang/Dropbox/lab/emergent-coexistence/data/raw/plate_scan/emergent_coexistence_plate_scan_check/check/C-06-green_transection/,/Users/cychang/Dropbox/lab/emergent-coexistence/data/raw/plate_scan/emergent_coexistence_plate_scan_check/check/C-07-green_feature/,/Users/cychang/Dropbox/lab/emergent-coexistence/data/raw/plate_scan/emergent_coexistence_plate_scan_check/check/C-08-green_cluster/
C_T8_C11R1_5-95_2_1,/Users/cychang/Dropbox/lab/emergent-coexistence/data/raw/plate_scan/emergent_coexistence_plate_scan_check/check/C-00-original/,/Users/cychang/Dropbox/lab/emergent-coexistence/data/raw/plate_scan/emergent_coexistence_plate_scan_check/check/C-01-green_channel/,/Users/cychang/Dropbox/lab/emergent-coexistence/data/raw/plate_scan/emergent_coexistence_plate_scan_check/check/C-02-green_rolled/,/Users/cychang/Dropbox/lab/emergent-coexistence/data/raw/plate_scan/emergent_coexistence_plate_scan_check/check/C-03-green_threshold/,/Users/cychang/Dropbox/lab/emergent-coexistence/data/raw/plate_scan/emergent_coexistence_plate_scan_check/check/C-04-green_round/,/Users/cychang/Dropbox/lab/emergent-coexistence/data/raw/plate_scan/emergent_coexistence_plate_scan_check/check/C-05-green_watershed/,/Users/cychang/Dropbox/lab/emergent-coexistence/data/raw/plate_scan/emergent_coexistence_plate_scan_check/check/C-06-green_transection/,/Users/cychang/Dropbox/lab/emergent-coexistence/data/raw/plate_scan/emergent_coexistence_plate_scan_check/check/C-07-green_feature/,/Users/cychang/Dropbox/lab/emergent-coexistence/data/raw/plate_scan/emergent_coexistence_plate_scan_check/check/C-08-green_cluster/
C_T8_C11R1_5-95_3_1,/Users/cychang/Dropbox/lab/emergent-coexistence/data/raw/plate_scan/emergent_coexistence_plate_scan_check/check/C-00-original/,/Users/cychang/Dropbox/lab/emergent-coexistence/data/raw/plate_scan/emergent_coexistence_plate_scan_check/check/C-01-green_channel/,/Users/cychang/Dropbox/lab/emergent-coexistence/data/raw/plate_scan/emergent_coexistence_plate_scan_check/check/C-02-green_rolled/,/Users/cychang/Dropbox/lab/emergent-coexistence/data/raw/plate_scan/emergent_coexistence_plate_scan_check/check/C-03-green_threshold/,/Users/cychang/Dropbox/lab/emergent-coexistence/data/raw/plate_scan/emergent_coexistence_plate_scan_check/check/C-04-green_round/,/Users/cychang/Dropbox/lab/emergent-coexistence/data/raw/plate_scan/emergent_coexistence_plate_scan_check/check/C-05-green_watershed/,/Users/cychang/Dropbox/lab/emergent-coexistence/data/raw/plate_scan/emergent_coexistence_plate_scan_check/check/C-06-green_transection/,/Users/cychang/Dropbox/lab/emergent-coexistence/data/raw/plate_scan/emergent_coexistence_plate_scan_check/check/C-07-green_feature/,/Users/cychang/Dropbox/lab/emergent-coexistence/data/raw/plate_scan/emergent_coexistence_plate_scan_check/check/C-08-green_cluster/
C_T8_C11R1_5-95_4_1,/Users/cychang/Dropbox/lab/emergent-coexistence/data/raw/plate_scan/emergent_coexistence_plate_scan_check/check/C-00-original/,/Users/cychang/Dropbox/lab/emergent-coexistence/data/raw/plate_scan/emergent_coexistence_plate_scan_check/check/C-01-green_channel/,/Users/cychang/Dropbox/lab/emergent-coexistence/data/raw/plate_scan/emergent_coexistence_plate_scan_check/check/C-02-green_rolled/,/Users/cychang/Dropbox/lab/emergent-coexistence/data/raw/plate_scan/emergent_coexistence_plate_scan_check/check/C-03-green_threshold/,/Users/cychang/Dropbox/lab/emergent-coexistence/data/raw/plate_scan/emergent_coexistence_plate_scan_check/check/C-04-green_round/,/Users/cychang/Dropbox/lab/emergent-coexistence/data/raw/plate_scan/emergent_coexistence_plate_scan_check/check/C-05-green_watershed/,/Users/cychang/Dropbox/lab/emergent-coexistence/data/raw/plate_scan/emergent_coexistence_plate_scan_check/check/C-06-green_transection/,/Users/cychang/Dropbox/lab/emergent-coexistence/data/raw/plate_scan/emergent_coexistence_plate_scan_check/check/C-07-green_feature/,/Users/cychang/Dropbox/lab/emergent-coexistence/data/raw/plate_scan/emergent_coexistence_plate_scan_check/check/C-08-green_cluster/
C_T8_C11R1_5-95_5_1,/Users/cychang/Dropbox/lab/emergent-coexistence/data/raw/plate_scan/emergent_coexistence_plate_scan_check/check/C-00-original/,/Users/cychang/Dropbox/lab/emergent-coexistence/data/raw/plate_scan/emergent_coexistence_plate_scan_check/check/C-01-green_channel/,/Users/cychang/Dropbox/lab/emergent-coexistence/data/raw/plate_scan/emergent_coexistence_plate_scan_check/check/C-02-green_rolled/,/Users/cychang/Dropbox/lab/emergent-coexistence/data/raw/plate_scan/emergent_coexistence_plate_scan_check/check/C-03-green_threshold/,/Users/cychang/Dropbox/lab/emergent-coexistence/data/raw/plate_scan/emergent_coexistence_plate_scan_check/check/C-04-green_round/,/Users/cychang/Dropbox/lab/emergent-coexistence/data/raw/plate_scan/emergent_coexistence_plate_scan_check/check/C-05-green_watershed/,/Users/cychang/Dropbox/lab/emergent-coexistence/data/raw/plate_scan/emergent_coexistence_plate_scan_check/check/C-06-green_transection/,/Users/cychang/Dropbox/lab/emergent-coexistence/data/raw/plate_scan/emergent_coexistence_plate_scan_check/check/C-07-green_feature/,/Users/cychang/Dropbox/lab/emergent-coexistence/data/raw/plate_scan/emergent_coexistence_plate_scan_check/check/C-08-green_cluster/
C_T8_C11R1_5-95_5_6,/Users/cychang/Dropbox/lab/emergent-coexistence/data/raw/plate_scan/emergent_coexistence_plate_scan_check/check/C-00-original/,/Users/cychang/Dropbox/lab/emergent-coexistence/data/raw/plate_scan/emergent_coexistence_plate_scan_check/check/C-01-green_channel/,/Users/cychang/Dropbox/lab/emergent-coexistence/data/raw/plate_scan/emergent_coexistence_plate_scan_check/check/C-02-green_rolled/,/Users/cychang/Dropbox/lab/emergent-coexistence/data/raw/plate_scan/emergent_coexistence_plate_scan_check/check/C-03-green_threshold/,/Users/cychang/Dropbox/lab/emergent-coexistence/data/raw/plate_scan/emergent_coexistence_plate_scan_check/check/C-04-green_round/,/Users/cychang/Dropbox/lab/emergent-coexistence/data/raw/plate_scan/emergent_coexistence_plate_scan_check/check/C-05-green_watershed/,/Users/cychang/Dropbox/lab/emergent-coexistence/data/raw/plate_scan/emergent_coexistence_plate_scan_check/check/C-06-green_transection/,/Users/cychang/Dropbox/lab/emergent-coexistence/data/raw/plate_scan/emergent_coexistence_plate_scan_check/check/C-07-green_feature/,/Users/cychang/Dropbox/lab/emergent-coexistence/data/raw/plate_scan/emergent_coexistence_plate_scan_check/check/C-08-green_cluster/
C_T8_C11R1_5-95_5_7,/Users/cychang/Dropbox/lab/emergent-coexistence/data/raw/plate_scan/emergent_coexistence_plate_scan_check/check/C-00-original/,/Users/cychang/Dropbox/lab/emergent-coexistence/data/raw/plate_scan/emergent_coexistence_plate_scan_check/check/C-01-green_channel/,/Users/cychang/Dropbox/lab/emergent-coexistence/data/raw/plate_scan/emergent_coexistence_plate_scan_check/check/C-02-green_rolled/,/Users/cychang/Dropbox/lab/emergent-coexistence/data/raw/plate_scan/emergent_coexistence_plate_scan_check/check/C-03-green_threshold/,/Users/cychang/Dropbox/lab/emergent-coexistence/data/raw/plate_scan/emergent_coexistence_plate_scan_check/check/C-04-green_round/,/Users/cychang/Dropbox/lab/emergent-coexistence/data/raw/plate_scan/emergent_coexistence_plate_scan_check/check/C-05-green_watershed/,/Users/cychang/Dropbox/lab/emergent-coexistence/data/raw/plate_scan/emergent_coexistence_plate_scan_check/check/C-06-green_transection/,/Users/cychang/Dropbox/lab/emergent-coexistence/data/raw/plate_scan/emergent_coexistence_plate_scan_check/check/C-07-green_feature/,/Users/cychang/Dropbox/lab/emergent-coexistence/data/raw/plate_scan/emergent_coexistence_plate_scan_check/check/C-08-green_cluster/
C_T8_C11R1_5-95_6_1,/Users/cychang/Dropbox/lab/emergent-coexistence/data/raw/plate_scan/emergent_coexistence_plate_scan_check/check/C-00-original/,/Users/cychang/Dropbox/lab/emergent-coexistence/data/raw/plate_scan/emergent_coexistence_plate_scan_check/check/C-01-green_channel/,/Users/cychang/Dropbox/lab/emergent-coexistence/data/raw/plate_scan/emergent_coexistence_plate_scan_check/check/C-02-green_rolled/,/Users/cychang/Dropbox/lab/emergent-coexistence/data/raw/plate_scan/emergent_coexistence_plate_scan_check/check/C-03-green_threshold/,/Users/cychang/Dropbox/lab/emergent-coexistence/data/raw/plate_scan/emergent_coexistence_plate_scan_check/check/C-04-green_round/,/Users/cychang/Dropbox/lab/emergent-coexistence/data/raw/plate_scan/emergent_coexistence_plate_scan_check/check/C-05-green_watershed/,/Users/cychang/Dropbox/lab/emergent-coexistence/data/raw/plate_scan/emergent_coexistence_plate_scan_check/check/C-06-green_transection/,/Users/cychang/Dropbox/lab/emergent-coexistence/data/raw/plate_scan/emergent_coexistence_plate_scan_check/check/C-07-green_feature/,/Users/cychang/Dropbox/lab/emergent-coexistence/data/raw/plate_scan/emergent_coexistence_plate_scan_check/check/C-08-green_cluster/
C_T8_C11R1_5-95_6_5,/Users/cychang/Dropbox/lab/emergent-coexistence/data/raw/plate_scan/emergent_coexistence_plate_scan_check/check/C-00-original/,/Users/cychang/Dropbox/lab/emergent-coexistence/data/raw/plate_scan/emergent_coexistence_plate_scan_check/check/C-01-green_channel/,/Users/cychang/Dropbox/lab/emergent-coexistence/data/raw/plate_scan/emergent_coexistence_plate_scan_check/check/C-02-green_rolled/,/Users/cychang/Dropbox/lab/emergent-coexistence/data/raw/plate_scan/emergent_coexistence_plate_scan_check/check/C-03-green_threshold/,/Users/cychang/Dropbox/lab/emergent-coexistence/data/raw/plate_scan/emergent_coexistence_plate_scan_check/check/C-04-green_round/,/Users/cychang/Dropbox/lab/emergent-coexistence/data/raw/plate_scan/emergent_coexistence_plate_scan_check/check/C-05-green_watershed/,/Users/cychang/Dropbox/lab/emergent-coexistence/data/raw/plate_scan/emergent_coexistence_plate_scan_check/check/C-06-green_transection/,/Users/cychang/Dropbox/lab/emergent-coexistence/data/raw/plate_scan/emergent_coexistence_plate_scan_check/check/C-07-green_feature/,/Users/cychang/Dropbox/lab/emergent-coexistence/data/raw/plate_scan/emergent_coexistence_plate_scan_check/check/C-08-green_cluster/
C_T8_C11R1_5-95_7_1,/Users/cychang/Dropbox/lab/emergent-coexistence/data/raw/plate_scan/emergent_coexistence_plate_scan_check/check/C-00-original/,/Users/cychang/Dropbox/lab/emergent-coexistence/data/raw/plate_scan/emergent_coexistence_plate_scan_check/check/C-01-green_channel/,/Users/cychang/Dropbox/lab/emergent-coexistence/data/raw/plate_scan/emergent_coexistence_plate_scan_check/check/C-02-green_rolled/,/Users/cychang/Dropbox/lab/emergent-coexistence/data/raw/plate_scan/emergent_coexistence_plate_scan_check/check/C-03-green_threshold/,/Users/cychang/Dropbox/lab/emergent-coexistence/data/raw/plate_scan/emergent_coexistence_plate_scan_check/check/C-04-green_round/,/Users/cychang/Dropbox/lab/emergent-coexistence/data/raw/plate_scan/emergent_coexistence_plate_scan_check/check/C-05-green_watershed/,/Users/cychang/Dropbox/lab/emergent-coexistence/data/raw/plate_scan/emergent_coexistence_plate_scan_check/check/C-06-green_transection/,/Users/cychang/Dropbox/lab/emergent-coexistence/data/raw/plate_scan/emergent_coexistence_plate_scan_check/check/C-07-green_feature/,/Users/cychang/Dropbox/lab/emergent-coexistence/data/raw/plate_scan/emergent_coexistence_plate_scan_check/check/C-08-green_cluster/
C_T8_C11R1_5-95_7_5,/Users/cychang/Dropbox/lab/emergent-coexistence/data/raw/plate_scan/emergent_coexistence_plate_scan_check/check/C-00-original/,/Users/cychang/Dropbox/lab/emergent-coexistence/data/raw/plate_scan/emergent_coexistence_plate_scan_check/check/C-01-green_channel/,/Users/cychang/Dropbox/lab/emergent-coexistence/data/raw/plate_scan/emergent_coexistence_plate_scan_check/check/C-02-green_rolled/,/Users/cychang/Dropbox/lab/emergent-coexistence/data/raw/plate_scan/emergent_coexistence_plate_scan_check/check/C-03-green_threshold/,/Users/cychang/Dropbox/lab/emergent-coexistence/data/raw/plate_scan/emergent_coexistence_plate_scan_check/check/C-04-green_round/,/Users/cychang/Dropbox/lab/emergent-coexistence/data/raw/plate_scan/emergent_coexistence_plate_scan_check/check/C-05-green_watershed/,/Users/cychang/Dropbox/lab/emergent-coexistence/data/raw/plate_scan/emergent_coexistence_plate_scan_check/check/C-06-green_transection/,/Users/cychang/Dropbox/lab/emergent-coexistence/data/raw/plate_scan/emergent_coexistence_plate_scan_check/check/C-07-green_feature/,/Users/cychang/Dropbox/lab/emergent-coexistence/data/raw/plate_scan/emergent_coexistence_plate_scan_check/check/C-08-green_cluster/
C_T8_C11R1_5-95_8_1,/Users/cychang/Dropbox/lab/emergent-coexistence/data/raw/plate_scan/emergent_coexistence_plate_scan_check/check/C-00-original/,/Users/cychang/Dropbox/lab/emergent-coexistence/data/raw/plate_scan/emergent_coexistence_plate_scan_check/check/C-01-green_channel/,/Users/cychang/Dropbox/lab/emergent-coexistence/data/raw/plate_scan/emergent_coexistence_plate_scan_check/check/C-02-green_rolled/,/Users/cychang/Dropbox/lab/emergent-coexistence/data/raw/plate_scan/emergent_coexistence_plate_scan_check/check/C-03-green_threshold/,/Users/cychang/Dropbox/lab/emergent-coexistence/data/raw/plate_scan/emergent_coexistence_plate_scan_check/check/C-04-green_round/,/Users/cychang/Dropbox/lab/emergent-coexistence/data/raw/plate_scan/emergent_coexistence_plate_scan_check/check/C-05-green_watershed/,/Users/cychang/Dropbox/lab/emergent-coexistence/data/raw/plate_scan/emergent_coexistence_plate_scan_check/check/C-06-green_transection/,/Users/cychang/Dropbox/lab/emergent-coexistence/data/raw/plate_scan/emergent_coexistence_plate_scan_check/check/C-07-green_feature/,/Users/cychang/Dropbox/lab/emergent-coexistence/data/raw/plate_scan/emergent_coexistence_plate_scan_check/check/C-08-green_cluster/
C_T8_C11R1_5-95_9_1,/Users/cychang/Dropbox/lab/emergent-coexistence/data/raw/plate_scan/emergent_coexistence_plate_scan_check/check/C-00-original/,/Users/cychang/Dropbox/lab/emergent-coexistence/data/raw/plate_scan/emergent_coexistence_plate_scan_check/check/C-01-green_channel/,/Users/cychang/Dropbox/lab/emergent-coexistence/data/raw/plate_scan/emergent_coexistence_plate_scan_check/check/C-02-green_rolled/,/Users/cychang/Dropbox/lab/emergent-coexistence/data/raw/plate_scan/emergent_coexistence_plate_scan_check/check/C-03-green_threshold/,/Users/cychang/Dropbox/lab/emergent-coexistence/data/raw/plate_scan/emergent_coexistence_plate_scan_check/check/C-04-green_round/,/Users/cychang/Dropbox/lab/emergent-coexistence/data/raw/plate_scan/emergent_coexistence_plate_scan_check/check/C-05-green_watershed/,/Users/cychang/Dropbox/lab/emergent-coexistence/data/raw/plate_scan/emergent_coexistence_plate_scan_check/check/C-06-green_transection/,/Users/cychang/Dropbox/lab/emergent-coexistence/data/raw/plate_scan/emergent_coexistence_plate_scan_check/check/C-07-green_feature/,/Users/cychang/Dropbox/lab/emergent-coexistence/data/raw/plate_scan/emergent_coexistence_plate_scan_check/check/C-08-green_cluster/
C_T8_C11R1_50-50_1_4,/Users/cychang/Dropbox/lab/emergent-coexistence/data/raw/plate_scan/emergent_coexistence_plate_scan_check/check/C-00-original/,/Users/cychang/Dropbox/lab/emergent-coexistence/data/raw/plate_scan/emergent_coexistence_plate_scan_check/check/C-01-green_channel/,/Users/cychang/Dropbox/lab/emergent-coexistence/data/raw/plate_scan/emergent_coexistence_plate_scan_check/check/C-02-green_rolled/,/Users/cychang/Dropbox/lab/emergent-coexistence/data/raw/plate_scan/emergent_coexistence_plate_scan_check/check/C-03-green_threshold/,/Users/cychang/Dropbox/lab/emergent-coexistence/data/raw/plate_scan/emergent_coexistence_plate_scan_check/check/C-04-green_round/,/Users/cychang/Dropbox/lab/emergent-coexistence/data/raw/plate_scan/emergent_coexistence_plate_scan_check/check/C-05-green_watershed/,/Users/cychang/Dropbox/lab/emergent-coexistence/data/raw/plate_scan/emergent_coexistence_plate_scan_check/check/C-06-green_transection/,/Users/cychang/Dropbox/lab/emergent-coexistence/data/raw/plate_scan/emergent_coexistence_plate_scan_check/check/C-07-green_feature/,/Users/cychang/Dropbox/lab/emergent-coexistence/data/raw/plate_scan/emergent_coexistence_plate_scan_check/check/C-08-green_cluster/
C_T8_C11R1_50-50_1_5,/Users/cychang/Dropbox/lab/emergent-coexistence/data/raw/plate_scan/emergent_coexistence_plate_scan_check/check/C-00-original/,/Users/cychang/Dropbox/lab/emergent-coexistence/data/raw/plate_scan/emergent_coexistence_plate_scan_check/check/C-01-green_channel/,/Users/cychang/Dropbox/lab/emergent-coexistence/data/raw/plate_scan/emergent_coexistence_plate_scan_check/check/C-02-green_rolled/,/Users/cychang/Dropbox/lab/emergent-coexistence/data/raw/plate_scan/emergent_coexistence_plate_scan_check/check/C-03-green_threshold/,/Users/cychang/Dropbox/lab/emergent-coexistence/data/raw/plate_scan/emergent_coexistence_plate_scan_check/check/C-04-green_round/,/Users/cychang/Dropbox/lab/emergent-coexistence/data/raw/plate_scan/emergent_coexistence_plate_scan_check/check/C-05-green_watershed/,/Users/cychang/Dropbox/lab/emergent-coexistence/data/raw/plate_scan/emergent_coexistence_plate_scan_check/check/C-06-green_transection/,/Users/cychang/Dropbox/lab/emergent-coexistence/data/raw/plate_scan/emergent_coexistence_plate_scan_check/check/C-07-green_feature/,/Users/cychang/Dropbox/lab/emergent-coexistence/data/raw/plate_scan/emergent_coexistence_plate_scan_check/check/C-08-green_cluster/
C_T8_C11R1_50-50_1_6,/Users/cychang/Dropbox/lab/emergent-coexistence/data/raw/plate_scan/emergent_coexistence_plate_scan_check/check/C-00-original/,/Users/cychang/Dropbox/lab/emergent-coexistence/data/raw/plate_scan/emergent_coexistence_plate_scan_check/check/C-01-green_channel/,/Users/cychang/Dropbox/lab/emergent-coexistence/data/raw/plate_scan/emergent_coexistence_plate_scan_check/check/C-02-green_rolled/,/Users/cychang/Dropbox/lab/emergent-coexistence/data/raw/plate_scan/emergent_coexistence_plate_scan_check/check/C-03-green_threshold/,/Users/cychang/Dropbox/lab/emergent-coexistence/data/raw/plate_scan/emergent_coexistence_plate_scan_check/check/C-04-green_round/,/Users/cychang/Dropbox/lab/emergent-coexistence/data/raw/plate_scan/emergent_coexistence_plate_scan_check/check/C-05-green_watershed/,/Users/cychang/Dropbox/lab/emergent-coexistence/data/raw/plate_scan/emergent_coexistence_plate_scan_check/check/C-06-green_transection/,/Users/cychang/Dropbox/lab/emergent-coexistence/data/raw/plate_scan/emergent_coexistence_plate_scan_check/check/C-07-green_feature/,/Users/cychang/Dropbox/lab/emergent-coexistence/data/raw/plate_scan/emergent_coexistence_plate_scan_check/check/C-08-green_cluster/
C_T8_C11R1_50-50_1_7,/Users/cychang/Dropbox/lab/emergent-coexistence/data/raw/plate_scan/emergent_coexistence_plate_scan_check/check/C-00-original/,/Users/cychang/Dropbox/lab/emergent-coexistence/data/raw/plate_scan/emergent_coexistence_plate_scan_check/check/C-01-green_channel/,/Users/cychang/Dropbox/lab/emergent-coexistence/data/raw/plate_scan/emergent_coexistence_plate_scan_check/check/C-02-green_rolled/,/Users/cychang/Dropbox/lab/emergent-coexistence/data/raw/plate_scan/emergent_coexistence_plate_scan_check/check/C-03-green_threshold/,/Users/cychang/Dropbox/lab/emergent-coexistence/data/raw/plate_scan/emergent_coexistence_plate_scan_check/check/C-04-green_round/,/Users/cychang/Dropbox/lab/emergent-coexistence/data/raw/plate_scan/emergent_coexistence_plate_scan_check/check/C-05-green_watershed/,/Users/cychang/Dropbox/lab/emergent-coexistence/data/raw/plate_scan/emergent_coexistence_plate_scan_check/check/C-06-green_transection/,/Users/cychang/Dropbox/lab/emergent-coexistence/data/raw/plate_scan/emergent_coexistence_plate_scan_check/check/C-07-green_feature/,/Users/cychang/Dropbox/lab/emergent-coexistence/data/raw/plate_scan/emergent_coexistence_plate_scan_check/check/C-08-green_cluster/
C_T8_C11R1_50-50_1_8,/Users/cychang/Dropbox/lab/emergent-coexistence/data/raw/plate_scan/emergent_coexistence_plate_scan_check/check/C-00-original/,/Users/cychang/Dropbox/lab/emergent-coexistence/data/raw/plate_scan/emergent_coexistence_plate_scan_check/check/C-01-green_channel/,/Users/cychang/Dropbox/lab/emergent-coexistence/data/raw/plate_scan/emergent_coexistence_plate_scan_check/check/C-02-green_rolled/,/Users/cychang/Dropbox/lab/emergent-coexistence/data/raw/plate_scan/emergent_coexistence_plate_scan_check/check/C-03-green_threshold/,/Users/cychang/Dropbox/lab/emergent-coexistence/data/raw/plate_scan/emergent_coexistence_plate_scan_check/check/C-04-green_round/,/Users/cychang/Dropbox/lab/emergent-coexistence/data/raw/plate_scan/emergent_coexistence_plate_scan_check/check/C-05-green_watershed/,/Users/cychang/Dropbox/lab/emergent-coexistence/data/raw/plate_scan/emergent_coexistence_plate_scan_check/check/C-06-green_transection/,/Users/cychang/Dropbox/lab/emergent-coexistence/data/raw/plate_scan/emergent_coexistence_plate_scan_check/check/C-07-green_feature/,/Users/cychang/Dropbox/lab/emergent-coexistence/data/raw/plate_scan/emergent_coexistence_plate_scan_check/check/C-08-green_cluster/
C_T8_C11R1_50-50_1_9,/Users/cychang/Dropbox/lab/emergent-coexistence/data/raw/plate_scan/emergent_coexistence_plate_scan_check/check/C-00-original/,/Users/cychang/Dropbox/lab/emergent-coexistence/data/raw/plate_scan/emergent_coexistence_plate_scan_check/check/C-01-green_channel/,/Users/cychang/Dropbox/lab/emergent-coexistence/data/raw/plate_scan/emergent_coexistence_plate_scan_check/check/C-02-green_rolled/,/Users/cychang/Dropbox/lab/emergent-coexistence/data/raw/plate_scan/emergent_coexistence_plate_scan_check/check/C-03-green_threshold/,/Users/cychang/Dropbox/lab/emergent-coexistence/data/raw/plate_scan/emergent_coexistence_plate_scan_check/check/C-04-green_round/,/Users/cychang/Dropbox/lab/emergent-coexistence/data/raw/plate_scan/emergent_coexistence_plate_scan_check/check/C-05-green_watershed/,/Users/cychang/Dropbox/lab/emergent-coexistence/data/raw/plate_scan/emergent_coexistence_plate_scan_check/check/C-06-green_transection/,/Users/cychang/Dropbox/lab/emergent-coexistence/data/raw/plate_scan/emergent_coexistence_plate_scan_check/check/C-07-green_feature/,/Users/cychang/Dropbox/lab/emergent-coexistence/data/raw/plate_scan/emergent_coexistence_plate_scan_check/check/C-08-green_cluster/
C_T8_C11R1_50-50_5_6,/Users/cychang/Dropbox/lab/emergent-coexistence/data/raw/plate_scan/emergent_coexistence_plate_scan_check/check/C-00-original/,/Users/cychang/Dropbox/lab/emergent-coexistence/data/raw/plate_scan/emergent_coexistence_plate_scan_check/check/C-01-green_channel/,/Users/cychang/Dropbox/lab/emergent-coexistence/data/raw/plate_scan/emergent_coexistence_plate_scan_check/check/C-02-green_rolled/,/Users/cychang/Dropbox/lab/emergent-coexistence/data/raw/plate_scan/emergent_coexistence_plate_scan_check/check/C-03-green_threshold/,/Users/cychang/Dropbox/lab/emergent-coexistence/data/raw/plate_scan/emergent_coexistence_plate_scan_check/check/C-04-green_round/,/Users/cychang/Dropbox/lab/emergent-coexistence/data/raw/plate_scan/emergent_coexistence_plate_scan_check/check/C-05-green_watershed/,/Users/cychang/Dropbox/lab/emergent-coexistence/data/raw/plate_scan/emergent_coexistence_plate_scan_check/check/C-06-green_transection/,/Users/cychang/Dropbox/lab/emergent-coexistence/data/raw/plate_scan/emergent_coexistence_plate_scan_check/check/C-07-green_feature/,/Users/cychang/Dropbox/lab/emergent-coexistence/data/raw/plate_scan/emergent_coexistence_plate_scan_check/check/C-08-green_cluster/
C_T8_C11R1_50-50_5_7,/Users/cychang/Dropbox/lab/emergent-coexistence/data/raw/plate_scan/emergent_coexistence_plate_scan_check/check/C-00-original/,/Users/cychang/Dropbox/lab/emergent-coexistence/data/raw/plate_scan/emergent_coexistence_plate_scan_check/check/C-01-green_channel/,/Users/cychang/Dropbox/lab/emergent-coexistence/data/raw/plate_scan/emergent_coexistence_plate_scan_check/check/C-02-green_rolled/,/Users/cychang/Dropbox/lab/emergent-coexistence/data/raw/plate_scan/emergent_coexistence_plate_scan_check/check/C-03-green_threshold/,/Users/cychang/Dropbox/lab/emergent-coexistence/data/raw/plate_scan/emergent_coexistence_plate_scan_check/check/C-04-green_round/,/Users/cychang/Dropbox/lab/emergent-coexistence/data/raw/plate_scan/emergent_coexistence_plate_scan_check/check/C-05-green_watershed/,/Users/cychang/Dropbox/lab/emergent-coexistence/data/raw/plate_scan/emergent_coexistence_plate_scan_check/check/C-06-green_transection/,/Users/cychang/Dropbox/lab/emergent-coexistence/data/raw/plate_scan/emergent_coexistence_plate_scan_check/check/C-07-green_feature/,/Users/cychang/Dropbox/lab/emergent-coexistence/data/raw/plate_scan/emergent_coexistence_plate_scan_check/check/C-08-green_cluster/
C_T8_C11R1_6,/Users/cychang/Dropbox/lab/emergent-coexistence/data/raw/plate_scan/emergent_coexistence_plate_scan_check/check/C-00-original/,/Users/cychang/Dropbox/lab/emergent-coexistence/data/raw/plate_scan/emergent_coexistence_plate_scan_check/check/C-01-green_channel/,/Users/cychang/Dropbox/lab/emergent-coexistence/data/raw/plate_scan/emergent_coexistence_plate_scan_check/check/C-02-green_rolled/,/Users/cychang/Dropbox/lab/emergent-coexistence/data/raw/plate_scan/emergent_coexistence_plate_scan_check/check/C-03-green_threshold/,/Users/cychang/Dropbox/lab/emergent-coexistence/data/raw/plate_scan/emergent_coexistence_plate_scan_check/check/C-04-green_round/,/Users/cychang/Dropbox/lab/emergent-coexistence/data/raw/plate_scan/emergent_coexistence_plate_scan_check/check/C-05-green_watershed/,/Users/cychang/Dropbox/lab/emergent-coexistence/data/raw/plate_scan/emergent_coexistence_plate_scan_check/check/C-06-green_transection/,/Users/cychang/Dropbox/lab/emergent-coexistence/data/raw/plate_scan/emergent_coexistence_plate_scan_check/check/C-07-green_feature/,/Users/cychang/Dropbox/lab/emergent-coexistence/data/raw/plate_scan/emergent_coexistence_plate_scan_check/check/C-08-green_cluster/
C_T8_C11R1_7,/Users/cychang/Dropbox/lab/emergent-coexistence/data/raw/plate_scan/emergent_coexistence_plate_scan_check/check/C-00-original/,/Users/cychang/Dropbox/lab/emergent-coexistence/data/raw/plate_scan/emergent_coexistence_plate_scan_check/check/C-01-green_channel/,/Users/cychang/Dropbox/lab/emergent-coexistence/data/raw/plate_scan/emergent_coexistence_plate_scan_check/check/C-02-green_rolled/,/Users/cychang/Dropbox/lab/emergent-coexistence/data/raw/plate_scan/emergent_coexistence_plate_scan_check/check/C-03-green_threshold/,/Users/cychang/Dropbox/lab/emergent-coexistence/data/raw/plate_scan/emergent_coexistence_plate_scan_check/check/C-04-green_round/,/Users/cychang/Dropbox/lab/emergent-coexistence/data/raw/plate_scan/emergent_coexistence_plate_scan_check/check/C-05-green_watershed/,/Users/cychang/Dropbox/lab/emergent-coexistence/data/raw/plate_scan/emergent_coexistence_plate_scan_check/check/C-06-green_transection/,/Users/cychang/Dropbox/lab/emergent-coexistence/data/raw/plate_scan/emergent_coexistence_plate_scan_check/check/C-07-green_feature/,/Users/cychang/Dropbox/lab/emergent-coexistence/data/raw/plate_scan/emergent_coexistence_plate_scan_check/check/C-08-green_cluster/
