image_name,color_channel,folder_original,folder_channel,folder_rolled,folder_threshold,folder_round,folder_watershed,folder_transection,folder_feature,folder_logit,folder_random_forest,folder_bootstrap
C_stock_C11R1_1,green,/Users/chang-yu/Dropbox/lab/emergent-coexistence/data/raw/plate_scan/emergent_coexistence_plate_scan_check/check/C-00-original/,/Users/chang-yu/Dropbox/lab/emergent-coexistence/data/raw/plate_scan/emergent_coexistence_plate_scan_check/check/C-01-channel/,/Users/chang-yu/Dropbox/lab/emergent-coexistence/data/raw/plate_scan/emergent_coexistence_plate_scan_check/check/C-02-rolled/,/Users/chang-yu/Dropbox/lab/emergent-coexistence/data/raw/plate_scan/emergent_coexistence_plate_scan_check/check/C-03-threshold/,/Users/chang-yu/Dropbox/lab/emergent-coexistence/data/raw/plate_scan/emergent_coexistence_plate_scan_check/check/C-04-round/,/Users/chang-yu/Dropbox/lab/emergent-coexistence/data/raw/plate_scan/emergent_coexistence_plate_scan_check/check/C-05-watershed/,/Users/chang-yu/Dropbox/lab/emergent-coexistence/data/raw/plate_scan/emergent_coexistence_plate_scan_check/check/C-06-transection/,/Users/chang-yu/Dropbox/lab/emergent-coexistence/data/raw/plate_scan/emergent_coexistence_plate_scan_check/check/C-07-feature/,/Users/chang-yu/Dropbox/lab/emergent-coexistence/data/raw/plate_scan/emergent_coexistence_plate_scan_check/check/C-08-logit/,/Users/chang-yu/Dropbox/lab/emergent-coexistence/data/raw/plate_scan/emergent_coexistence_plate_scan_check/check/C-09-random_forest/,/Users/chang-yu/Dropbox/lab/emergent-coexistence/data/raw/plate_scan/emergent_coexistence_plate_scan_check/check/C-10-bootstrap/
C_T0_C11R1_2,green,/Users/chang-yu/Dropbox/lab/emergent-coexistence/data/raw/plate_scan/emergent_coexistence_plate_scan_check/check/C-00-original/,/Users/chang-yu/Dropbox/lab/emergent-coexistence/data/raw/plate_scan/emergent_coexistence_plate_scan_check/check/C-01-channel/,/Users/chang-yu/Dropbox/lab/emergent-coexistence/data/raw/plate_scan/emergent_coexistence_plate_scan_check/check/C-02-rolled/,/Users/chang-yu/Dropbox/lab/emergent-coexistence/data/raw/plate_scan/emergent_coexistence_plate_scan_check/check/C-03-threshold/,/Users/chang-yu/Dropbox/lab/emergent-coexistence/data/raw/plate_scan/emergent_coexistence_plate_scan_check/check/C-04-round/,/Users/chang-yu/Dropbox/lab/emergent-coexistence/data/raw/plate_scan/emergent_coexistence_plate_scan_check/check/C-05-watershed/,/Users/chang-yu/Dropbox/lab/emergent-coexistence/data/raw/plate_scan/emergent_coexistence_plate_scan_check/check/C-06-transection/,/Users/chang-yu/Dropbox/lab/emergent-coexistence/data/raw/plate_scan/emergent_coexistence_plate_scan_check/check/C-07-feature/,/Users/chang-yu/Dropbox/lab/emergent-coexistence/data/raw/plate_scan/emergent_coexistence_plate_scan_check/check/C-08-logit/,/Users/chang-yu/Dropbox/lab/emergent-coexistence/data/raw/plate_scan/emergent_coexistence_plate_scan_check/check/C-09-random_forest/,/Users/chang-yu/Dropbox/lab/emergent-coexistence/data/raw/plate_scan/emergent_coexistence_plate_scan_check/check/C-10-bootstrap/
C_T0_C11R1_8,green,/Users/chang-yu/Dropbox/lab/emergent-coexistence/data/raw/plate_scan/emergent_coexistence_plate_scan_check/check/C-00-original/,/Users/chang-yu/Dropbox/lab/emergent-coexistence/data/raw/plate_scan/emergent_coexistence_plate_scan_check/check/C-01-channel/,/Users/chang-yu/Dropbox/lab/emergent-coexistence/data/raw/plate_scan/emergent_coexistence_plate_scan_check/check/C-02-rolled/,/Users/chang-yu/Dropbox/lab/emergent-coexistence/data/raw/plate_scan/emergent_coexistence_plate_scan_check/check/C-03-threshold/,/Users/chang-yu/Dropbox/lab/emergent-coexistence/data/raw/plate_scan/emergent_coexistence_plate_scan_check/check/C-04-round/,/Users/chang-yu/Dropbox/lab/emergent-coexistence/data/raw/plate_scan/emergent_coexistence_plate_scan_check/check/C-05-watershed/,/Users/chang-yu/Dropbox/lab/emergent-coexistence/data/raw/plate_scan/emergent_coexistence_plate_scan_check/check/C-06-transection/,/Users/chang-yu/Dropbox/lab/emergent-coexistence/data/raw/plate_scan/emergent_coexistence_plate_scan_check/check/C-07-feature/,/Users/chang-yu/Dropbox/lab/emergent-coexistence/data/raw/plate_scan/emergent_coexistence_plate_scan_check/check/C-08-logit/,/Users/chang-yu/Dropbox/lab/emergent-coexistence/data/raw/plate_scan/emergent_coexistence_plate_scan_check/check/C-09-random_forest/,/Users/chang-yu/Dropbox/lab/emergent-coexistence/data/raw/plate_scan/emergent_coexistence_plate_scan_check/check/C-10-bootstrap/
C_T0_C11R1_9,green,/Users/chang-yu/Dropbox/lab/emergent-coexistence/data/raw/plate_scan/emergent_coexistence_plate_scan_check/check/C-00-original/,/Users/chang-yu/Dropbox/lab/emergent-coexistence/data/raw/plate_scan/emergent_coexistence_plate_scan_check/check/C-01-channel/,/Users/chang-yu/Dropbox/lab/emergent-coexistence/data/raw/plate_scan/emergent_coexistence_plate_scan_check/check/C-02-rolled/,/Users/chang-yu/Dropbox/lab/emergent-coexistence/data/raw/plate_scan/emergent_coexistence_plate_scan_check/check/C-03-threshold/,/Users/chang-yu/Dropbox/lab/emergent-coexistence/data/raw/plate_scan/emergent_coexistence_plate_scan_check/check/C-04-round/,/Users/chang-yu/Dropbox/lab/emergent-coexistence/data/raw/plate_scan/emergent_coexistence_plate_scan_check/check/C-05-watershed/,/Users/chang-yu/Dropbox/lab/emergent-coexistence/data/raw/plate_scan/emergent_coexistence_plate_scan_check/check/C-06-transection/,/Users/chang-yu/Dropbox/lab/emergent-coexistence/data/raw/plate_scan/emergent_coexistence_plate_scan_check/check/C-07-feature/,/Users/chang-yu/Dropbox/lab/emergent-coexistence/data/raw/plate_scan/emergent_coexistence_plate_scan_check/check/C-08-logit/,/Users/chang-yu/Dropbox/lab/emergent-coexistence/data/raw/plate_scan/emergent_coexistence_plate_scan_check/check/C-09-random_forest/,/Users/chang-yu/Dropbox/lab/emergent-coexistence/data/raw/plate_scan/emergent_coexistence_plate_scan_check/check/C-10-bootstrap/
C_T8_C11R1_3,green,/Users/chang-yu/Dropbox/lab/emergent-coexistence/data/raw/plate_scan/emergent_coexistence_plate_scan_check/check/C-00-original/,/Users/chang-yu/Dropbox/lab/emergent-coexistence/data/raw/plate_scan/emergent_coexistence_plate_scan_check/check/C-01-channel/,/Users/chang-yu/Dropbox/lab/emergent-coexistence/data/raw/plate_scan/emergent_coexistence_plate_scan_check/check/C-02-rolled/,/Users/chang-yu/Dropbox/lab/emergent-coexistence/data/raw/plate_scan/emergent_coexistence_plate_scan_check/check/C-03-threshold/,/Users/chang-yu/Dropbox/lab/emergent-coexistence/data/raw/plate_scan/emergent_coexistence_plate_scan_check/check/C-04-round/,/Users/chang-yu/Dropbox/lab/emergent-coexistence/data/raw/plate_scan/emergent_coexistence_plate_scan_check/check/C-05-watershed/,/Users/chang-yu/Dropbox/lab/emergent-coexistence/data/raw/plate_scan/emergent_coexistence_plate_scan_check/check/C-06-transection/,/Users/chang-yu/Dropbox/lab/emergent-coexistence/data/raw/plate_scan/emergent_coexistence_plate_scan_check/check/C-07-feature/,/Users/chang-yu/Dropbox/lab/emergent-coexistence/data/raw/plate_scan/emergent_coexistence_plate_scan_check/check/C-08-logit/,/Users/chang-yu/Dropbox/lab/emergent-coexistence/data/raw/plate_scan/emergent_coexistence_plate_scan_check/check/C-09-random_forest/,/Users/chang-yu/Dropbox/lab/emergent-coexistence/data/raw/plate_scan/emergent_coexistence_plate_scan_check/check/C-10-bootstrap/
C_T8_C11R1_4,green,/Users/chang-yu/Dropbox/lab/emergent-coexistence/data/raw/plate_scan/emergent_coexistence_plate_scan_check/check/C-00-original/,/Users/chang-yu/Dropbox/lab/emergent-coexistence/data/raw/plate_scan/emergent_coexistence_plate_scan_check/check/C-01-channel/,/Users/chang-yu/Dropbox/lab/emergent-coexistence/data/raw/plate_scan/emergent_coexistence_plate_scan_check/check/C-02-rolled/,/Users/chang-yu/Dropbox/lab/emergent-coexistence/data/raw/plate_scan/emergent_coexistence_plate_scan_check/check/C-03-threshold/,/Users/chang-yu/Dropbox/lab/emergent-coexistence/data/raw/plate_scan/emergent_coexistence_plate_scan_check/check/C-04-round/,/Users/chang-yu/Dropbox/lab/emergent-coexistence/data/raw/plate_scan/emergent_coexistence_plate_scan_check/check/C-05-watershed/,/Users/chang-yu/Dropbox/lab/emergent-coexistence/data/raw/plate_scan/emergent_coexistence_plate_scan_check/check/C-06-transection/,/Users/chang-yu/Dropbox/lab/emergent-coexistence/data/raw/plate_scan/emergent_coexistence_plate_scan_check/check/C-07-feature/,/Users/chang-yu/Dropbox/lab/emergent-coexistence/data/raw/plate_scan/emergent_coexistence_plate_scan_check/check/C-08-logit/,/Users/chang-yu/Dropbox/lab/emergent-coexistence/data/raw/plate_scan/emergent_coexistence_plate_scan_check/check/C-09-random_forest/,/Users/chang-yu/Dropbox/lab/emergent-coexistence/data/raw/plate_scan/emergent_coexistence_plate_scan_check/check/C-10-bootstrap/
C_T8_C11R1_5,green,/Users/chang-yu/Dropbox/lab/emergent-coexistence/data/raw/plate_scan/emergent_coexistence_plate_scan_check/check/C-00-original/,/Users/chang-yu/Dropbox/lab/emergent-coexistence/data/raw/plate_scan/emergent_coexistence_plate_scan_check/check/C-01-channel/,/Users/chang-yu/Dropbox/lab/emergent-coexistence/data/raw/plate_scan/emergent_coexistence_plate_scan_check/check/C-02-rolled/,/Users/chang-yu/Dropbox/lab/emergent-coexistence/data/raw/plate_scan/emergent_coexistence_plate_scan_check/check/C-03-threshold/,/Users/chang-yu/Dropbox/lab/emergent-coexistence/data/raw/plate_scan/emergent_coexistence_plate_scan_check/check/C-04-round/,/Users/chang-yu/Dropbox/lab/emergent-coexistence/data/raw/plate_scan/emergent_coexistence_plate_scan_check/check/C-05-watershed/,/Users/chang-yu/Dropbox/lab/emergent-coexistence/data/raw/plate_scan/emergent_coexistence_plate_scan_check/check/C-06-transection/,/Users/chang-yu/Dropbox/lab/emergent-coexistence/data/raw/plate_scan/emergent_coexistence_plate_scan_check/check/C-07-feature/,/Users/chang-yu/Dropbox/lab/emergent-coexistence/data/raw/plate_scan/emergent_coexistence_plate_scan_check/check/C-08-logit/,/Users/chang-yu/Dropbox/lab/emergent-coexistence/data/raw/plate_scan/emergent_coexistence_plate_scan_check/check/C-09-random_forest/,/Users/chang-yu/Dropbox/lab/emergent-coexistence/data/raw/plate_scan/emergent_coexistence_plate_scan_check/check/C-10-bootstrap/
C_T8_C11R1_5-95_1_2,green,/Users/chang-yu/Dropbox/lab/emergent-coexistence/data/raw/plate_scan/emergent_coexistence_plate_scan_check/check/C-00-original/,/Users/chang-yu/Dropbox/lab/emergent-coexistence/data/raw/plate_scan/emergent_coexistence_plate_scan_check/check/C-01-channel/,/Users/chang-yu/Dropbox/lab/emergent-coexistence/data/raw/plate_scan/emergent_coexistence_plate_scan_check/check/C-02-rolled/,/Users/chang-yu/Dropbox/lab/emergent-coexistence/data/raw/plate_scan/emergent_coexistence_plate_scan_check/check/C-03-threshold/,/Users/chang-yu/Dropbox/lab/emergent-coexistence/data/raw/plate_scan/emergent_coexistence_plate_scan_check/check/C-04-round/,/Users/chang-yu/Dropbox/lab/emergent-coexistence/data/raw/plate_scan/emergent_coexistence_plate_scan_check/check/C-05-watershed/,/Users/chang-yu/Dropbox/lab/emergent-coexistence/data/raw/plate_scan/emergent_coexistence_plate_scan_check/check/C-06-transection/,/Users/chang-yu/Dropbox/lab/emergent-coexistence/data/raw/plate_scan/emergent_coexistence_plate_scan_check/check/C-07-feature/,/Users/chang-yu/Dropbox/lab/emergent-coexistence/data/raw/plate_scan/emergent_coexistence_plate_scan_check/check/C-08-logit/,/Users/chang-yu/Dropbox/lab/emergent-coexistence/data/raw/plate_scan/emergent_coexistence_plate_scan_check/check/C-09-random_forest/,/Users/chang-yu/Dropbox/lab/emergent-coexistence/data/raw/plate_scan/emergent_coexistence_plate_scan_check/check/C-10-bootstrap/
C_T8_C11R1_5-95_1_3,green,/Users/chang-yu/Dropbox/lab/emergent-coexistence/data/raw/plate_scan/emergent_coexistence_plate_scan_check/check/C-00-original/,/Users/chang-yu/Dropbox/lab/emergent-coexistence/data/raw/plate_scan/emergent_coexistence_plate_scan_check/check/C-01-channel/,/Users/chang-yu/Dropbox/lab/emergent-coexistence/data/raw/plate_scan/emergent_coexistence_plate_scan_check/check/C-02-rolled/,/Users/chang-yu/Dropbox/lab/emergent-coexistence/data/raw/plate_scan/emergent_coexistence_plate_scan_check/check/C-03-threshold/,/Users/chang-yu/Dropbox/lab/emergent-coexistence/data/raw/plate_scan/emergent_coexistence_plate_scan_check/check/C-04-round/,/Users/chang-yu/Dropbox/lab/emergent-coexistence/data/raw/plate_scan/emergent_coexistence_plate_scan_check/check/C-05-watershed/,/Users/chang-yu/Dropbox/lab/emergent-coexistence/data/raw/plate_scan/emergent_coexistence_plate_scan_check/check/C-06-transection/,/Users/chang-yu/Dropbox/lab/emergent-coexistence/data/raw/plate_scan/emergent_coexistence_plate_scan_check/check/C-07-feature/,/Users/chang-yu/Dropbox/lab/emergent-coexistence/data/raw/plate_scan/emergent_coexistence_plate_scan_check/check/C-08-logit/,/Users/chang-yu/Dropbox/lab/emergent-coexistence/data/raw/plate_scan/emergent_coexistence_plate_scan_check/check/C-09-random_forest/,/Users/chang-yu/Dropbox/lab/emergent-coexistence/data/raw/plate_scan/emergent_coexistence_plate_scan_check/check/C-10-bootstrap/
C_T8_C11R1_5-95_1_4,green,/Users/chang-yu/Dropbox/lab/emergent-coexistence/data/raw/plate_scan/emergent_coexistence_plate_scan_check/check/C-00-original/,/Users/chang-yu/Dropbox/lab/emergent-coexistence/data/raw/plate_scan/emergent_coexistence_plate_scan_check/check/C-01-channel/,/Users/chang-yu/Dropbox/lab/emergent-coexistence/data/raw/plate_scan/emergent_coexistence_plate_scan_check/check/C-02-rolled/,/Users/chang-yu/Dropbox/lab/emergent-coexistence/data/raw/plate_scan/emergent_coexistence_plate_scan_check/check/C-03-threshold/,/Users/chang-yu/Dropbox/lab/emergent-coexistence/data/raw/plate_scan/emergent_coexistence_plate_scan_check/check/C-04-round/,/Users/chang-yu/Dropbox/lab/emergent-coexistence/data/raw/plate_scan/emergent_coexistence_plate_scan_check/check/C-05-watershed/,/Users/chang-yu/Dropbox/lab/emergent-coexistence/data/raw/plate_scan/emergent_coexistence_plate_scan_check/check/C-06-transection/,/Users/chang-yu/Dropbox/lab/emergent-coexistence/data/raw/plate_scan/emergent_coexistence_plate_scan_check/check/C-07-feature/,/Users/chang-yu/Dropbox/lab/emergent-coexistence/data/raw/plate_scan/emergent_coexistence_plate_scan_check/check/C-08-logit/,/Users/chang-yu/Dropbox/lab/emergent-coexistence/data/raw/plate_scan/emergent_coexistence_plate_scan_check/check/C-09-random_forest/,/Users/chang-yu/Dropbox/lab/emergent-coexistence/data/raw/plate_scan/emergent_coexistence_plate_scan_check/check/C-10-bootstrap/
C_T8_C11R1_5-95_1_5,green,/Users/chang-yu/Dropbox/lab/emergent-coexistence/data/raw/plate_scan/emergent_coexistence_plate_scan_check/check/C-00-original/,/Users/chang-yu/Dropbox/lab/emergent-coexistence/data/raw/plate_scan/emergent_coexistence_plate_scan_check/check/C-01-channel/,/Users/chang-yu/Dropbox/lab/emergent-coexistence/data/raw/plate_scan/emergent_coexistence_plate_scan_check/check/C-02-rolled/,/Users/chang-yu/Dropbox/lab/emergent-coexistence/data/raw/plate_scan/emergent_coexistence_plate_scan_check/check/C-03-threshold/,/Users/chang-yu/Dropbox/lab/emergent-coexistence/data/raw/plate_scan/emergent_coexistence_plate_scan_check/check/C-04-round/,/Users/chang-yu/Dropbox/lab/emergent-coexistence/data/raw/plate_scan/emergent_coexistence_plate_scan_check/check/C-05-watershed/,/Users/chang-yu/Dropbox/lab/emergent-coexistence/data/raw/plate_scan/emergent_coexistence_plate_scan_check/check/C-06-transection/,/Users/chang-yu/Dropbox/lab/emergent-coexistence/data/raw/plate_scan/emergent_coexistence_plate_scan_check/check/C-07-feature/,/Users/chang-yu/Dropbox/lab/emergent-coexistence/data/raw/plate_scan/emergent_coexistence_plate_scan_check/check/C-08-logit/,/Users/chang-yu/Dropbox/lab/emergent-coexistence/data/raw/plate_scan/emergent_coexistence_plate_scan_check/check/C-09-random_forest/,/Users/chang-yu/Dropbox/lab/emergent-coexistence/data/raw/plate_scan/emergent_coexistence_plate_scan_check/check/C-10-bootstrap/
C_T8_C11R1_5-95_1_6,green,/Users/chang-yu/Dropbox/lab/emergent-coexistence/data/raw/plate_scan/emergent_coexistence_plate_scan_check/check/C-00-original/,/Users/chang-yu/Dropbox/lab/emergent-coexistence/data/raw/plate_scan/emergent_coexistence_plate_scan_check/check/C-01-channel/,/Users/chang-yu/Dropbox/lab/emergent-coexistence/data/raw/plate_scan/emergent_coexistence_plate_scan_check/check/C-02-rolled/,/Users/chang-yu/Dropbox/lab/emergent-coexistence/data/raw/plate_scan/emergent_coexistence_plate_scan_check/check/C-03-threshold/,/Users/chang-yu/Dropbox/lab/emergent-coexistence/data/raw/plate_scan/emergent_coexistence_plate_scan_check/check/C-04-round/,/Users/chang-yu/Dropbox/lab/emergent-coexistence/data/raw/plate_scan/emergent_coexistence_plate_scan_check/check/C-05-watershed/,/Users/chang-yu/Dropbox/lab/emergent-coexistence/data/raw/plate_scan/emergent_coexistence_plate_scan_check/check/C-06-transection/,/Users/chang-yu/Dropbox/lab/emergent-coexistence/data/raw/plate_scan/emergent_coexistence_plate_scan_check/check/C-07-feature/,/Users/chang-yu/Dropbox/lab/emergent-coexistence/data/raw/plate_scan/emergent_coexistence_plate_scan_check/check/C-08-logit/,/Users/chang-yu/Dropbox/lab/emergent-coexistence/data/raw/plate_scan/emergent_coexistence_plate_scan_check/check/C-09-random_forest/,/Users/chang-yu/Dropbox/lab/emergent-coexistence/data/raw/plate_scan/emergent_coexistence_plate_scan_check/check/C-10-bootstrap/
C_T8_C11R1_5-95_1_7,green,/Users/chang-yu/Dropbox/lab/emergent-coexistence/data/raw/plate_scan/emergent_coexistence_plate_scan_check/check/C-00-original/,/Users/chang-yu/Dropbox/lab/emergent-coexistence/data/raw/plate_scan/emergent_coexistence_plate_scan_check/check/C-01-channel/,/Users/chang-yu/Dropbox/lab/emergent-coexistence/data/raw/plate_scan/emergent_coexistence_plate_scan_check/check/C-02-rolled/,/Users/chang-yu/Dropbox/lab/emergent-coexistence/data/raw/plate_scan/emergent_coexistence_plate_scan_check/check/C-03-threshold/,/Users/chang-yu/Dropbox/lab/emergent-coexistence/data/raw/plate_scan/emergent_coexistence_plate_scan_check/check/C-04-round/,/Users/chang-yu/Dropbox/lab/emergent-coexistence/data/raw/plate_scan/emergent_coexistence_plate_scan_check/check/C-05-watershed/,/Users/chang-yu/Dropbox/lab/emergent-coexistence/data/raw/plate_scan/emergent_coexistence_plate_scan_check/check/C-06-transection/,/Users/chang-yu/Dropbox/lab/emergent-coexistence/data/raw/plate_scan/emergent_coexistence_plate_scan_check/check/C-07-feature/,/Users/chang-yu/Dropbox/lab/emergent-coexistence/data/raw/plate_scan/emergent_coexistence_plate_scan_check/check/C-08-logit/,/Users/chang-yu/Dropbox/lab/emergent-coexistence/data/raw/plate_scan/emergent_coexistence_plate_scan_check/check/C-09-random_forest/,/Users/chang-yu/Dropbox/lab/emergent-coexistence/data/raw/plate_scan/emergent_coexistence_plate_scan_check/check/C-10-bootstrap/
C_T8_C11R1_5-95_1_8,green,/Users/chang-yu/Dropbox/lab/emergent-coexistence/data/raw/plate_scan/emergent_coexistence_plate_scan_check/check/C-00-original/,/Users/chang-yu/Dropbox/lab/emergent-coexistence/data/raw/plate_scan/emergent_coexistence_plate_scan_check/check/C-01-channel/,/Users/chang-yu/Dropbox/lab/emergent-coexistence/data/raw/plate_scan/emergent_coexistence_plate_scan_check/check/C-02-rolled/,/Users/chang-yu/Dropbox/lab/emergent-coexistence/data/raw/plate_scan/emergent_coexistence_plate_scan_check/check/C-03-threshold/,/Users/chang-yu/Dropbox/lab/emergent-coexistence/data/raw/plate_scan/emergent_coexistence_plate_scan_check/check/C-04-round/,/Users/chang-yu/Dropbox/lab/emergent-coexistence/data/raw/plate_scan/emergent_coexistence_plate_scan_check/check/C-05-watershed/,/Users/chang-yu/Dropbox/lab/emergent-coexistence/data/raw/plate_scan/emergent_coexistence_plate_scan_check/check/C-06-transection/,/Users/chang-yu/Dropbox/lab/emergent-coexistence/data/raw/plate_scan/emergent_coexistence_plate_scan_check/check/C-07-feature/,/Users/chang-yu/Dropbox/lab/emergent-coexistence/data/raw/plate_scan/emergent_coexistence_plate_scan_check/check/C-08-logit/,/Users/chang-yu/Dropbox/lab/emergent-coexistence/data/raw/plate_scan/emergent_coexistence_plate_scan_check/check/C-09-random_forest/,/Users/chang-yu/Dropbox/lab/emergent-coexistence/data/raw/plate_scan/emergent_coexistence_plate_scan_check/check/C-10-bootstrap/
C_T8_C11R1_5-95_1_9,green,/Users/chang-yu/Dropbox/lab/emergent-coexistence/data/raw/plate_scan/emergent_coexistence_plate_scan_check/check/C-00-original/,/Users/chang-yu/Dropbox/lab/emergent-coexistence/data/raw/plate_scan/emergent_coexistence_plate_scan_check/check/C-01-channel/,/Users/chang-yu/Dropbox/lab/emergent-coexistence/data/raw/plate_scan/emergent_coexistence_plate_scan_check/check/C-02-rolled/,/Users/chang-yu/Dropbox/lab/emergent-coexistence/data/raw/plate_scan/emergent_coexistence_plate_scan_check/check/C-03-threshold/,/Users/chang-yu/Dropbox/lab/emergent-coexistence/data/raw/plate_scan/emergent_coexistence_plate_scan_check/check/C-04-round/,/Users/chang-yu/Dropbox/lab/emergent-coexistence/data/raw/plate_scan/emergent_coexistence_plate_scan_check/check/C-05-watershed/,/Users/chang-yu/Dropbox/lab/emergent-coexistence/data/raw/plate_scan/emergent_coexistence_plate_scan_check/check/C-06-transection/,/Users/chang-yu/Dropbox/lab/emergent-coexistence/data/raw/plate_scan/emergent_coexistence_plate_scan_check/check/C-07-feature/,/Users/chang-yu/Dropbox/lab/emergent-coexistence/data/raw/plate_scan/emergent_coexistence_plate_scan_check/check/C-08-logit/,/Users/chang-yu/Dropbox/lab/emergent-coexistence/data/raw/plate_scan/emergent_coexistence_plate_scan_check/check/C-09-random_forest/,/Users/chang-yu/Dropbox/lab/emergent-coexistence/data/raw/plate_scan/emergent_coexistence_plate_scan_check/check/C-10-bootstrap/
C_T8_C11R1_5-95_2_1,green,/Users/chang-yu/Dropbox/lab/emergent-coexistence/data/raw/plate_scan/emergent_coexistence_plate_scan_check/check/C-00-original/,/Users/chang-yu/Dropbox/lab/emergent-coexistence/data/raw/plate_scan/emergent_coexistence_plate_scan_check/check/C-01-channel/,/Users/chang-yu/Dropbox/lab/emergent-coexistence/data/raw/plate_scan/emergent_coexistence_plate_scan_check/check/C-02-rolled/,/Users/chang-yu/Dropbox/lab/emergent-coexistence/data/raw/plate_scan/emergent_coexistence_plate_scan_check/check/C-03-threshold/,/Users/chang-yu/Dropbox/lab/emergent-coexistence/data/raw/plate_scan/emergent_coexistence_plate_scan_check/check/C-04-round/,/Users/chang-yu/Dropbox/lab/emergent-coexistence/data/raw/plate_scan/emergent_coexistence_plate_scan_check/check/C-05-watershed/,/Users/chang-yu/Dropbox/lab/emergent-coexistence/data/raw/plate_scan/emergent_coexistence_plate_scan_check/check/C-06-transection/,/Users/chang-yu/Dropbox/lab/emergent-coexistence/data/raw/plate_scan/emergent_coexistence_plate_scan_check/check/C-07-feature/,/Users/chang-yu/Dropbox/lab/emergent-coexistence/data/raw/plate_scan/emergent_coexistence_plate_scan_check/check/C-08-logit/,/Users/chang-yu/Dropbox/lab/emergent-coexistence/data/raw/plate_scan/emergent_coexistence_plate_scan_check/check/C-09-random_forest/,/Users/chang-yu/Dropbox/lab/emergent-coexistence/data/raw/plate_scan/emergent_coexistence_plate_scan_check/check/C-10-bootstrap/
C_T8_C11R1_5-95_3_1,green,/Users/chang-yu/Dropbox/lab/emergent-coexistence/data/raw/plate_scan/emergent_coexistence_plate_scan_check/check/C-00-original/,/Users/chang-yu/Dropbox/lab/emergent-coexistence/data/raw/plate_scan/emergent_coexistence_plate_scan_check/check/C-01-channel/,/Users/chang-yu/Dropbox/lab/emergent-coexistence/data/raw/plate_scan/emergent_coexistence_plate_scan_check/check/C-02-rolled/,/Users/chang-yu/Dropbox/lab/emergent-coexistence/data/raw/plate_scan/emergent_coexistence_plate_scan_check/check/C-03-threshold/,/Users/chang-yu/Dropbox/lab/emergent-coexistence/data/raw/plate_scan/emergent_coexistence_plate_scan_check/check/C-04-round/,/Users/chang-yu/Dropbox/lab/emergent-coexistence/data/raw/plate_scan/emergent_coexistence_plate_scan_check/check/C-05-watershed/,/Users/chang-yu/Dropbox/lab/emergent-coexistence/data/raw/plate_scan/emergent_coexistence_plate_scan_check/check/C-06-transection/,/Users/chang-yu/Dropbox/lab/emergent-coexistence/data/raw/plate_scan/emergent_coexistence_plate_scan_check/check/C-07-feature/,/Users/chang-yu/Dropbox/lab/emergent-coexistence/data/raw/plate_scan/emergent_coexistence_plate_scan_check/check/C-08-logit/,/Users/chang-yu/Dropbox/lab/emergent-coexistence/data/raw/plate_scan/emergent_coexistence_plate_scan_check/check/C-09-random_forest/,/Users/chang-yu/Dropbox/lab/emergent-coexistence/data/raw/plate_scan/emergent_coexistence_plate_scan_check/check/C-10-bootstrap/
C_T8_C11R1_5-95_4_1,green,/Users/chang-yu/Dropbox/lab/emergent-coexistence/data/raw/plate_scan/emergent_coexistence_plate_scan_check/check/C-00-original/,/Users/chang-yu/Dropbox/lab/emergent-coexistence/data/raw/plate_scan/emergent_coexistence_plate_scan_check/check/C-01-channel/,/Users/chang-yu/Dropbox/lab/emergent-coexistence/data/raw/plate_scan/emergent_coexistence_plate_scan_check/check/C-02-rolled/,/Users/chang-yu/Dropbox/lab/emergent-coexistence/data/raw/plate_scan/emergent_coexistence_plate_scan_check/check/C-03-threshold/,/Users/chang-yu/Dropbox/lab/emergent-coexistence/data/raw/plate_scan/emergent_coexistence_plate_scan_check/check/C-04-round/,/Users/chang-yu/Dropbox/lab/emergent-coexistence/data/raw/plate_scan/emergent_coexistence_plate_scan_check/check/C-05-watershed/,/Users/chang-yu/Dropbox/lab/emergent-coexistence/data/raw/plate_scan/emergent_coexistence_plate_scan_check/check/C-06-transection/,/Users/chang-yu/Dropbox/lab/emergent-coexistence/data/raw/plate_scan/emergent_coexistence_plate_scan_check/check/C-07-feature/,/Users/chang-yu/Dropbox/lab/emergent-coexistence/data/raw/plate_scan/emergent_coexistence_plate_scan_check/check/C-08-logit/,/Users/chang-yu/Dropbox/lab/emergent-coexistence/data/raw/plate_scan/emergent_coexistence_plate_scan_check/check/C-09-random_forest/,/Users/chang-yu/Dropbox/lab/emergent-coexistence/data/raw/plate_scan/emergent_coexistence_plate_scan_check/check/C-10-bootstrap/
C_T8_C11R1_5-95_5_1,green,/Users/chang-yu/Dropbox/lab/emergent-coexistence/data/raw/plate_scan/emergent_coexistence_plate_scan_check/check/C-00-original/,/Users/chang-yu/Dropbox/lab/emergent-coexistence/data/raw/plate_scan/emergent_coexistence_plate_scan_check/check/C-01-channel/,/Users/chang-yu/Dropbox/lab/emergent-coexistence/data/raw/plate_scan/emergent_coexistence_plate_scan_check/check/C-02-rolled/,/Users/chang-yu/Dropbox/lab/emergent-coexistence/data/raw/plate_scan/emergent_coexistence_plate_scan_check/check/C-03-threshold/,/Users/chang-yu/Dropbox/lab/emergent-coexistence/data/raw/plate_scan/emergent_coexistence_plate_scan_check/check/C-04-round/,/Users/chang-yu/Dropbox/lab/emergent-coexistence/data/raw/plate_scan/emergent_coexistence_plate_scan_check/check/C-05-watershed/,/Users/chang-yu/Dropbox/lab/emergent-coexistence/data/raw/plate_scan/emergent_coexistence_plate_scan_check/check/C-06-transection/,/Users/chang-yu/Dropbox/lab/emergent-coexistence/data/raw/plate_scan/emergent_coexistence_plate_scan_check/check/C-07-feature/,/Users/chang-yu/Dropbox/lab/emergent-coexistence/data/raw/plate_scan/emergent_coexistence_plate_scan_check/check/C-08-logit/,/Users/chang-yu/Dropbox/lab/emergent-coexistence/data/raw/plate_scan/emergent_coexistence_plate_scan_check/check/C-09-random_forest/,/Users/chang-yu/Dropbox/lab/emergent-coexistence/data/raw/plate_scan/emergent_coexistence_plate_scan_check/check/C-10-bootstrap/
C_T8_C11R1_5-95_5_6,green,/Users/chang-yu/Dropbox/lab/emergent-coexistence/data/raw/plate_scan/emergent_coexistence_plate_scan_check/check/C-00-original/,/Users/chang-yu/Dropbox/lab/emergent-coexistence/data/raw/plate_scan/emergent_coexistence_plate_scan_check/check/C-01-channel/,/Users/chang-yu/Dropbox/lab/emergent-coexistence/data/raw/plate_scan/emergent_coexistence_plate_scan_check/check/C-02-rolled/,/Users/chang-yu/Dropbox/lab/emergent-coexistence/data/raw/plate_scan/emergent_coexistence_plate_scan_check/check/C-03-threshold/,/Users/chang-yu/Dropbox/lab/emergent-coexistence/data/raw/plate_scan/emergent_coexistence_plate_scan_check/check/C-04-round/,/Users/chang-yu/Dropbox/lab/emergent-coexistence/data/raw/plate_scan/emergent_coexistence_plate_scan_check/check/C-05-watershed/,/Users/chang-yu/Dropbox/lab/emergent-coexistence/data/raw/plate_scan/emergent_coexistence_plate_scan_check/check/C-06-transection/,/Users/chang-yu/Dropbox/lab/emergent-coexistence/data/raw/plate_scan/emergent_coexistence_plate_scan_check/check/C-07-feature/,/Users/chang-yu/Dropbox/lab/emergent-coexistence/data/raw/plate_scan/emergent_coexistence_plate_scan_check/check/C-08-logit/,/Users/chang-yu/Dropbox/lab/emergent-coexistence/data/raw/plate_scan/emergent_coexistence_plate_scan_check/check/C-09-random_forest/,/Users/chang-yu/Dropbox/lab/emergent-coexistence/data/raw/plate_scan/emergent_coexistence_plate_scan_check/check/C-10-bootstrap/
C_T8_C11R1_5-95_5_7,green,/Users/chang-yu/Dropbox/lab/emergent-coexistence/data/raw/plate_scan/emergent_coexistence_plate_scan_check/check/C-00-original/,/Users/chang-yu/Dropbox/lab/emergent-coexistence/data/raw/plate_scan/emergent_coexistence_plate_scan_check/check/C-01-channel/,/Users/chang-yu/Dropbox/lab/emergent-coexistence/data/raw/plate_scan/emergent_coexistence_plate_scan_check/check/C-02-rolled/,/Users/chang-yu/Dropbox/lab/emergent-coexistence/data/raw/plate_scan/emergent_coexistence_plate_scan_check/check/C-03-threshold/,/Users/chang-yu/Dropbox/lab/emergent-coexistence/data/raw/plate_scan/emergent_coexistence_plate_scan_check/check/C-04-round/,/Users/chang-yu/Dropbox/lab/emergent-coexistence/data/raw/plate_scan/emergent_coexistence_plate_scan_check/check/C-05-watershed/,/Users/chang-yu/Dropbox/lab/emergent-coexistence/data/raw/plate_scan/emergent_coexistence_plate_scan_check/check/C-06-transection/,/Users/chang-yu/Dropbox/lab/emergent-coexistence/data/raw/plate_scan/emergent_coexistence_plate_scan_check/check/C-07-feature/,/Users/chang-yu/Dropbox/lab/emergent-coexistence/data/raw/plate_scan/emergent_coexistence_plate_scan_check/check/C-08-logit/,/Users/chang-yu/Dropbox/lab/emergent-coexistence/data/raw/plate_scan/emergent_coexistence_plate_scan_check/check/C-09-random_forest/,/Users/chang-yu/Dropbox/lab/emergent-coexistence/data/raw/plate_scan/emergent_coexistence_plate_scan_check/check/C-10-bootstrap/
C_T8_C11R1_5-95_6_1,green,/Users/chang-yu/Dropbox/lab/emergent-coexistence/data/raw/plate_scan/emergent_coexistence_plate_scan_check/check/C-00-original/,/Users/chang-yu/Dropbox/lab/emergent-coexistence/data/raw/plate_scan/emergent_coexistence_plate_scan_check/check/C-01-channel/,/Users/chang-yu/Dropbox/lab/emergent-coexistence/data/raw/plate_scan/emergent_coexistence_plate_scan_check/check/C-02-rolled/,/Users/chang-yu/Dropbox/lab/emergent-coexistence/data/raw/plate_scan/emergent_coexistence_plate_scan_check/check/C-03-threshold/,/Users/chang-yu/Dropbox/lab/emergent-coexistence/data/raw/plate_scan/emergent_coexistence_plate_scan_check/check/C-04-round/,/Users/chang-yu/Dropbox/lab/emergent-coexistence/data/raw/plate_scan/emergent_coexistence_plate_scan_check/check/C-05-watershed/,/Users/chang-yu/Dropbox/lab/emergent-coexistence/data/raw/plate_scan/emergent_coexistence_plate_scan_check/check/C-06-transection/,/Users/chang-yu/Dropbox/lab/emergent-coexistence/data/raw/plate_scan/emergent_coexistence_plate_scan_check/check/C-07-feature/,/Users/chang-yu/Dropbox/lab/emergent-coexistence/data/raw/plate_scan/emergent_coexistence_plate_scan_check/check/C-08-logit/,/Users/chang-yu/Dropbox/lab/emergent-coexistence/data/raw/plate_scan/emergent_coexistence_plate_scan_check/check/C-09-random_forest/,/Users/chang-yu/Dropbox/lab/emergent-coexistence/data/raw/plate_scan/emergent_coexistence_plate_scan_check/check/C-10-bootstrap/
C_T8_C11R1_5-95_6_5,green,/Users/chang-yu/Dropbox/lab/emergent-coexistence/data/raw/plate_scan/emergent_coexistence_plate_scan_check/check/C-00-original/,/Users/chang-yu/Dropbox/lab/emergent-coexistence/data/raw/plate_scan/emergent_coexistence_plate_scan_check/check/C-01-channel/,/Users/chang-yu/Dropbox/lab/emergent-coexistence/data/raw/plate_scan/emergent_coexistence_plate_scan_check/check/C-02-rolled/,/Users/chang-yu/Dropbox/lab/emergent-coexistence/data/raw/plate_scan/emergent_coexistence_plate_scan_check/check/C-03-threshold/,/Users/chang-yu/Dropbox/lab/emergent-coexistence/data/raw/plate_scan/emergent_coexistence_plate_scan_check/check/C-04-round/,/Users/chang-yu/Dropbox/lab/emergent-coexistence/data/raw/plate_scan/emergent_coexistence_plate_scan_check/check/C-05-watershed/,/Users/chang-yu/Dropbox/lab/emergent-coexistence/data/raw/plate_scan/emergent_coexistence_plate_scan_check/check/C-06-transection/,/Users/chang-yu/Dropbox/lab/emergent-coexistence/data/raw/plate_scan/emergent_coexistence_plate_scan_check/check/C-07-feature/,/Users/chang-yu/Dropbox/lab/emergent-coexistence/data/raw/plate_scan/emergent_coexistence_plate_scan_check/check/C-08-logit/,/Users/chang-yu/Dropbox/lab/emergent-coexistence/data/raw/plate_scan/emergent_coexistence_plate_scan_check/check/C-09-random_forest/,/Users/chang-yu/Dropbox/lab/emergent-coexistence/data/raw/plate_scan/emergent_coexistence_plate_scan_check/check/C-10-bootstrap/
C_T8_C11R1_5-95_7_1,green,/Users/chang-yu/Dropbox/lab/emergent-coexistence/data/raw/plate_scan/emergent_coexistence_plate_scan_check/check/C-00-original/,/Users/chang-yu/Dropbox/lab/emergent-coexistence/data/raw/plate_scan/emergent_coexistence_plate_scan_check/check/C-01-channel/,/Users/chang-yu/Dropbox/lab/emergent-coexistence/data/raw/plate_scan/emergent_coexistence_plate_scan_check/check/C-02-rolled/,/Users/chang-yu/Dropbox/lab/emergent-coexistence/data/raw/plate_scan/emergent_coexistence_plate_scan_check/check/C-03-threshold/,/Users/chang-yu/Dropbox/lab/emergent-coexistence/data/raw/plate_scan/emergent_coexistence_plate_scan_check/check/C-04-round/,/Users/chang-yu/Dropbox/lab/emergent-coexistence/data/raw/plate_scan/emergent_coexistence_plate_scan_check/check/C-05-watershed/,/Users/chang-yu/Dropbox/lab/emergent-coexistence/data/raw/plate_scan/emergent_coexistence_plate_scan_check/check/C-06-transection/,/Users/chang-yu/Dropbox/lab/emergent-coexistence/data/raw/plate_scan/emergent_coexistence_plate_scan_check/check/C-07-feature/,/Users/chang-yu/Dropbox/lab/emergent-coexistence/data/raw/plate_scan/emergent_coexistence_plate_scan_check/check/C-08-logit/,/Users/chang-yu/Dropbox/lab/emergent-coexistence/data/raw/plate_scan/emergent_coexistence_plate_scan_check/check/C-09-random_forest/,/Users/chang-yu/Dropbox/lab/emergent-coexistence/data/raw/plate_scan/emergent_coexistence_plate_scan_check/check/C-10-bootstrap/
C_T8_C11R1_5-95_7_5,green,/Users/chang-yu/Dropbox/lab/emergent-coexistence/data/raw/plate_scan/emergent_coexistence_plate_scan_check/check/C-00-original/,/Users/chang-yu/Dropbox/lab/emergent-coexistence/data/raw/plate_scan/emergent_coexistence_plate_scan_check/check/C-01-channel/,/Users/chang-yu/Dropbox/lab/emergent-coexistence/data/raw/plate_scan/emergent_coexistence_plate_scan_check/check/C-02-rolled/,/Users/chang-yu/Dropbox/lab/emergent-coexistence/data/raw/plate_scan/emergent_coexistence_plate_scan_check/check/C-03-threshold/,/Users/chang-yu/Dropbox/lab/emergent-coexistence/data/raw/plate_scan/emergent_coexistence_plate_scan_check/check/C-04-round/,/Users/chang-yu/Dropbox/lab/emergent-coexistence/data/raw/plate_scan/emergent_coexistence_plate_scan_check/check/C-05-watershed/,/Users/chang-yu/Dropbox/lab/emergent-coexistence/data/raw/plate_scan/emergent_coexistence_plate_scan_check/check/C-06-transection/,/Users/chang-yu/Dropbox/lab/emergent-coexistence/data/raw/plate_scan/emergent_coexistence_plate_scan_check/check/C-07-feature/,/Users/chang-yu/Dropbox/lab/emergent-coexistence/data/raw/plate_scan/emergent_coexistence_plate_scan_check/check/C-08-logit/,/Users/chang-yu/Dropbox/lab/emergent-coexistence/data/raw/plate_scan/emergent_coexistence_plate_scan_check/check/C-09-random_forest/,/Users/chang-yu/Dropbox/lab/emergent-coexistence/data/raw/plate_scan/emergent_coexistence_plate_scan_check/check/C-10-bootstrap/
C_T8_C11R1_5-95_8_1,green,/Users/chang-yu/Dropbox/lab/emergent-coexistence/data/raw/plate_scan/emergent_coexistence_plate_scan_check/check/C-00-original/,/Users/chang-yu/Dropbox/lab/emergent-coexistence/data/raw/plate_scan/emergent_coexistence_plate_scan_check/check/C-01-channel/,/Users/chang-yu/Dropbox/lab/emergent-coexistence/data/raw/plate_scan/emergent_coexistence_plate_scan_check/check/C-02-rolled/,/Users/chang-yu/Dropbox/lab/emergent-coexistence/data/raw/plate_scan/emergent_coexistence_plate_scan_check/check/C-03-threshold/,/Users/chang-yu/Dropbox/lab/emergent-coexistence/data/raw/plate_scan/emergent_coexistence_plate_scan_check/check/C-04-round/,/Users/chang-yu/Dropbox/lab/emergent-coexistence/data/raw/plate_scan/emergent_coexistence_plate_scan_check/check/C-05-watershed/,/Users/chang-yu/Dropbox/lab/emergent-coexistence/data/raw/plate_scan/emergent_coexistence_plate_scan_check/check/C-06-transection/,/Users/chang-yu/Dropbox/lab/emergent-coexistence/data/raw/plate_scan/emergent_coexistence_plate_scan_check/check/C-07-feature/,/Users/chang-yu/Dropbox/lab/emergent-coexistence/data/raw/plate_scan/emergent_coexistence_plate_scan_check/check/C-08-logit/,/Users/chang-yu/Dropbox/lab/emergent-coexistence/data/raw/plate_scan/emergent_coexistence_plate_scan_check/check/C-09-random_forest/,/Users/chang-yu/Dropbox/lab/emergent-coexistence/data/raw/plate_scan/emergent_coexistence_plate_scan_check/check/C-10-bootstrap/
C_T8_C11R1_5-95_9_1,green,/Users/chang-yu/Dropbox/lab/emergent-coexistence/data/raw/plate_scan/emergent_coexistence_plate_scan_check/check/C-00-original/,/Users/chang-yu/Dropbox/lab/emergent-coexistence/data/raw/plate_scan/emergent_coexistence_plate_scan_check/check/C-01-channel/,/Users/chang-yu/Dropbox/lab/emergent-coexistence/data/raw/plate_scan/emergent_coexistence_plate_scan_check/check/C-02-rolled/,/Users/chang-yu/Dropbox/lab/emergent-coexistence/data/raw/plate_scan/emergent_coexistence_plate_scan_check/check/C-03-threshold/,/Users/chang-yu/Dropbox/lab/emergent-coexistence/data/raw/plate_scan/emergent_coexistence_plate_scan_check/check/C-04-round/,/Users/chang-yu/Dropbox/lab/emergent-coexistence/data/raw/plate_scan/emergent_coexistence_plate_scan_check/check/C-05-watershed/,/Users/chang-yu/Dropbox/lab/emergent-coexistence/data/raw/plate_scan/emergent_coexistence_plate_scan_check/check/C-06-transection/,/Users/chang-yu/Dropbox/lab/emergent-coexistence/data/raw/plate_scan/emergent_coexistence_plate_scan_check/check/C-07-feature/,/Users/chang-yu/Dropbox/lab/emergent-coexistence/data/raw/plate_scan/emergent_coexistence_plate_scan_check/check/C-08-logit/,/Users/chang-yu/Dropbox/lab/emergent-coexistence/data/raw/plate_scan/emergent_coexistence_plate_scan_check/check/C-09-random_forest/,/Users/chang-yu/Dropbox/lab/emergent-coexistence/data/raw/plate_scan/emergent_coexistence_plate_scan_check/check/C-10-bootstrap/
C_T8_C11R1_50-50_1_4,green,/Users/chang-yu/Dropbox/lab/emergent-coexistence/data/raw/plate_scan/emergent_coexistence_plate_scan_check/check/C-00-original/,/Users/chang-yu/Dropbox/lab/emergent-coexistence/data/raw/plate_scan/emergent_coexistence_plate_scan_check/check/C-01-channel/,/Users/chang-yu/Dropbox/lab/emergent-coexistence/data/raw/plate_scan/emergent_coexistence_plate_scan_check/check/C-02-rolled/,/Users/chang-yu/Dropbox/lab/emergent-coexistence/data/raw/plate_scan/emergent_coexistence_plate_scan_check/check/C-03-threshold/,/Users/chang-yu/Dropbox/lab/emergent-coexistence/data/raw/plate_scan/emergent_coexistence_plate_scan_check/check/C-04-round/,/Users/chang-yu/Dropbox/lab/emergent-coexistence/data/raw/plate_scan/emergent_coexistence_plate_scan_check/check/C-05-watershed/,/Users/chang-yu/Dropbox/lab/emergent-coexistence/data/raw/plate_scan/emergent_coexistence_plate_scan_check/check/C-06-transection/,/Users/chang-yu/Dropbox/lab/emergent-coexistence/data/raw/plate_scan/emergent_coexistence_plate_scan_check/check/C-07-feature/,/Users/chang-yu/Dropbox/lab/emergent-coexistence/data/raw/plate_scan/emergent_coexistence_plate_scan_check/check/C-08-logit/,/Users/chang-yu/Dropbox/lab/emergent-coexistence/data/raw/plate_scan/emergent_coexistence_plate_scan_check/check/C-09-random_forest/,/Users/chang-yu/Dropbox/lab/emergent-coexistence/data/raw/plate_scan/emergent_coexistence_plate_scan_check/check/C-10-bootstrap/
C_T8_C11R1_50-50_1_5,green,/Users/chang-yu/Dropbox/lab/emergent-coexistence/data/raw/plate_scan/emergent_coexistence_plate_scan_check/check/C-00-original/,/Users/chang-yu/Dropbox/lab/emergent-coexistence/data/raw/plate_scan/emergent_coexistence_plate_scan_check/check/C-01-channel/,/Users/chang-yu/Dropbox/lab/emergent-coexistence/data/raw/plate_scan/emergent_coexistence_plate_scan_check/check/C-02-rolled/,/Users/chang-yu/Dropbox/lab/emergent-coexistence/data/raw/plate_scan/emergent_coexistence_plate_scan_check/check/C-03-threshold/,/Users/chang-yu/Dropbox/lab/emergent-coexistence/data/raw/plate_scan/emergent_coexistence_plate_scan_check/check/C-04-round/,/Users/chang-yu/Dropbox/lab/emergent-coexistence/data/raw/plate_scan/emergent_coexistence_plate_scan_check/check/C-05-watershed/,/Users/chang-yu/Dropbox/lab/emergent-coexistence/data/raw/plate_scan/emergent_coexistence_plate_scan_check/check/C-06-transection/,/Users/chang-yu/Dropbox/lab/emergent-coexistence/data/raw/plate_scan/emergent_coexistence_plate_scan_check/check/C-07-feature/,/Users/chang-yu/Dropbox/lab/emergent-coexistence/data/raw/plate_scan/emergent_coexistence_plate_scan_check/check/C-08-logit/,/Users/chang-yu/Dropbox/lab/emergent-coexistence/data/raw/plate_scan/emergent_coexistence_plate_scan_check/check/C-09-random_forest/,/Users/chang-yu/Dropbox/lab/emergent-coexistence/data/raw/plate_scan/emergent_coexistence_plate_scan_check/check/C-10-bootstrap/
C_T8_C11R1_50-50_1_6,green,/Users/chang-yu/Dropbox/lab/emergent-coexistence/data/raw/plate_scan/emergent_coexistence_plate_scan_check/check/C-00-original/,/Users/chang-yu/Dropbox/lab/emergent-coexistence/data/raw/plate_scan/emergent_coexistence_plate_scan_check/check/C-01-channel/,/Users/chang-yu/Dropbox/lab/emergent-coexistence/data/raw/plate_scan/emergent_coexistence_plate_scan_check/check/C-02-rolled/,/Users/chang-yu/Dropbox/lab/emergent-coexistence/data/raw/plate_scan/emergent_coexistence_plate_scan_check/check/C-03-threshold/,/Users/chang-yu/Dropbox/lab/emergent-coexistence/data/raw/plate_scan/emergent_coexistence_plate_scan_check/check/C-04-round/,/Users/chang-yu/Dropbox/lab/emergent-coexistence/data/raw/plate_scan/emergent_coexistence_plate_scan_check/check/C-05-watershed/,/Users/chang-yu/Dropbox/lab/emergent-coexistence/data/raw/plate_scan/emergent_coexistence_plate_scan_check/check/C-06-transection/,/Users/chang-yu/Dropbox/lab/emergent-coexistence/data/raw/plate_scan/emergent_coexistence_plate_scan_check/check/C-07-feature/,/Users/chang-yu/Dropbox/lab/emergent-coexistence/data/raw/plate_scan/emergent_coexistence_plate_scan_check/check/C-08-logit/,/Users/chang-yu/Dropbox/lab/emergent-coexistence/data/raw/plate_scan/emergent_coexistence_plate_scan_check/check/C-09-random_forest/,/Users/chang-yu/Dropbox/lab/emergent-coexistence/data/raw/plate_scan/emergent_coexistence_plate_scan_check/check/C-10-bootstrap/
C_T8_C11R1_50-50_1_7,green,/Users/chang-yu/Dropbox/lab/emergent-coexistence/data/raw/plate_scan/emergent_coexistence_plate_scan_check/check/C-00-original/,/Users/chang-yu/Dropbox/lab/emergent-coexistence/data/raw/plate_scan/emergent_coexistence_plate_scan_check/check/C-01-channel/,/Users/chang-yu/Dropbox/lab/emergent-coexistence/data/raw/plate_scan/emergent_coexistence_plate_scan_check/check/C-02-rolled/,/Users/chang-yu/Dropbox/lab/emergent-coexistence/data/raw/plate_scan/emergent_coexistence_plate_scan_check/check/C-03-threshold/,/Users/chang-yu/Dropbox/lab/emergent-coexistence/data/raw/plate_scan/emergent_coexistence_plate_scan_check/check/C-04-round/,/Users/chang-yu/Dropbox/lab/emergent-coexistence/data/raw/plate_scan/emergent_coexistence_plate_scan_check/check/C-05-watershed/,/Users/chang-yu/Dropbox/lab/emergent-coexistence/data/raw/plate_scan/emergent_coexistence_plate_scan_check/check/C-06-transection/,/Users/chang-yu/Dropbox/lab/emergent-coexistence/data/raw/plate_scan/emergent_coexistence_plate_scan_check/check/C-07-feature/,/Users/chang-yu/Dropbox/lab/emergent-coexistence/data/raw/plate_scan/emergent_coexistence_plate_scan_check/check/C-08-logit/,/Users/chang-yu/Dropbox/lab/emergent-coexistence/data/raw/plate_scan/emergent_coexistence_plate_scan_check/check/C-09-random_forest/,/Users/chang-yu/Dropbox/lab/emergent-coexistence/data/raw/plate_scan/emergent_coexistence_plate_scan_check/check/C-10-bootstrap/
C_T8_C11R1_50-50_1_8,green,/Users/chang-yu/Dropbox/lab/emergent-coexistence/data/raw/plate_scan/emergent_coexistence_plate_scan_check/check/C-00-original/,/Users/chang-yu/Dropbox/lab/emergent-coexistence/data/raw/plate_scan/emergent_coexistence_plate_scan_check/check/C-01-channel/,/Users/chang-yu/Dropbox/lab/emergent-coexistence/data/raw/plate_scan/emergent_coexistence_plate_scan_check/check/C-02-rolled/,/Users/chang-yu/Dropbox/lab/emergent-coexistence/data/raw/plate_scan/emergent_coexistence_plate_scan_check/check/C-03-threshold/,/Users/chang-yu/Dropbox/lab/emergent-coexistence/data/raw/plate_scan/emergent_coexistence_plate_scan_check/check/C-04-round/,/Users/chang-yu/Dropbox/lab/emergent-coexistence/data/raw/plate_scan/emergent_coexistence_plate_scan_check/check/C-05-watershed/,/Users/chang-yu/Dropbox/lab/emergent-coexistence/data/raw/plate_scan/emergent_coexistence_plate_scan_check/check/C-06-transection/,/Users/chang-yu/Dropbox/lab/emergent-coexistence/data/raw/plate_scan/emergent_coexistence_plate_scan_check/check/C-07-feature/,/Users/chang-yu/Dropbox/lab/emergent-coexistence/data/raw/plate_scan/emergent_coexistence_plate_scan_check/check/C-08-logit/,/Users/chang-yu/Dropbox/lab/emergent-coexistence/data/raw/plate_scan/emergent_coexistence_plate_scan_check/check/C-09-random_forest/,/Users/chang-yu/Dropbox/lab/emergent-coexistence/data/raw/plate_scan/emergent_coexistence_plate_scan_check/check/C-10-bootstrap/
C_T8_C11R1_50-50_1_9,green,/Users/chang-yu/Dropbox/lab/emergent-coexistence/data/raw/plate_scan/emergent_coexistence_plate_scan_check/check/C-00-original/,/Users/chang-yu/Dropbox/lab/emergent-coexistence/data/raw/plate_scan/emergent_coexistence_plate_scan_check/check/C-01-channel/,/Users/chang-yu/Dropbox/lab/emergent-coexistence/data/raw/plate_scan/emergent_coexistence_plate_scan_check/check/C-02-rolled/,/Users/chang-yu/Dropbox/lab/emergent-coexistence/data/raw/plate_scan/emergent_coexistence_plate_scan_check/check/C-03-threshold/,/Users/chang-yu/Dropbox/lab/emergent-coexistence/data/raw/plate_scan/emergent_coexistence_plate_scan_check/check/C-04-round/,/Users/chang-yu/Dropbox/lab/emergent-coexistence/data/raw/plate_scan/emergent_coexistence_plate_scan_check/check/C-05-watershed/,/Users/chang-yu/Dropbox/lab/emergent-coexistence/data/raw/plate_scan/emergent_coexistence_plate_scan_check/check/C-06-transection/,/Users/chang-yu/Dropbox/lab/emergent-coexistence/data/raw/plate_scan/emergent_coexistence_plate_scan_check/check/C-07-feature/,/Users/chang-yu/Dropbox/lab/emergent-coexistence/data/raw/plate_scan/emergent_coexistence_plate_scan_check/check/C-08-logit/,/Users/chang-yu/Dropbox/lab/emergent-coexistence/data/raw/plate_scan/emergent_coexistence_plate_scan_check/check/C-09-random_forest/,/Users/chang-yu/Dropbox/lab/emergent-coexistence/data/raw/plate_scan/emergent_coexistence_plate_scan_check/check/C-10-bootstrap/
C_T8_C11R1_50-50_5_6,green,/Users/chang-yu/Dropbox/lab/emergent-coexistence/data/raw/plate_scan/emergent_coexistence_plate_scan_check/check/C-00-original/,/Users/chang-yu/Dropbox/lab/emergent-coexistence/data/raw/plate_scan/emergent_coexistence_plate_scan_check/check/C-01-channel/,/Users/chang-yu/Dropbox/lab/emergent-coexistence/data/raw/plate_scan/emergent_coexistence_plate_scan_check/check/C-02-rolled/,/Users/chang-yu/Dropbox/lab/emergent-coexistence/data/raw/plate_scan/emergent_coexistence_plate_scan_check/check/C-03-threshold/,/Users/chang-yu/Dropbox/lab/emergent-coexistence/data/raw/plate_scan/emergent_coexistence_plate_scan_check/check/C-04-round/,/Users/chang-yu/Dropbox/lab/emergent-coexistence/data/raw/plate_scan/emergent_coexistence_plate_scan_check/check/C-05-watershed/,/Users/chang-yu/Dropbox/lab/emergent-coexistence/data/raw/plate_scan/emergent_coexistence_plate_scan_check/check/C-06-transection/,/Users/chang-yu/Dropbox/lab/emergent-coexistence/data/raw/plate_scan/emergent_coexistence_plate_scan_check/check/C-07-feature/,/Users/chang-yu/Dropbox/lab/emergent-coexistence/data/raw/plate_scan/emergent_coexistence_plate_scan_check/check/C-08-logit/,/Users/chang-yu/Dropbox/lab/emergent-coexistence/data/raw/plate_scan/emergent_coexistence_plate_scan_check/check/C-09-random_forest/,/Users/chang-yu/Dropbox/lab/emergent-coexistence/data/raw/plate_scan/emergent_coexistence_plate_scan_check/check/C-10-bootstrap/
C_T8_C11R1_50-50_5_7,green,/Users/chang-yu/Dropbox/lab/emergent-coexistence/data/raw/plate_scan/emergent_coexistence_plate_scan_check/check/C-00-original/,/Users/chang-yu/Dropbox/lab/emergent-coexistence/data/raw/plate_scan/emergent_coexistence_plate_scan_check/check/C-01-channel/,/Users/chang-yu/Dropbox/lab/emergent-coexistence/data/raw/plate_scan/emergent_coexistence_plate_scan_check/check/C-02-rolled/,/Users/chang-yu/Dropbox/lab/emergent-coexistence/data/raw/plate_scan/emergent_coexistence_plate_scan_check/check/C-03-threshold/,/Users/chang-yu/Dropbox/lab/emergent-coexistence/data/raw/plate_scan/emergent_coexistence_plate_scan_check/check/C-04-round/,/Users/chang-yu/Dropbox/lab/emergent-coexistence/data/raw/plate_scan/emergent_coexistence_plate_scan_check/check/C-05-watershed/,/Users/chang-yu/Dropbox/lab/emergent-coexistence/data/raw/plate_scan/emergent_coexistence_plate_scan_check/check/C-06-transection/,/Users/chang-yu/Dropbox/lab/emergent-coexistence/data/raw/plate_scan/emergent_coexistence_plate_scan_check/check/C-07-feature/,/Users/chang-yu/Dropbox/lab/emergent-coexistence/data/raw/plate_scan/emergent_coexistence_plate_scan_check/check/C-08-logit/,/Users/chang-yu/Dropbox/lab/emergent-coexistence/data/raw/plate_scan/emergent_coexistence_plate_scan_check/check/C-09-random_forest/,/Users/chang-yu/Dropbox/lab/emergent-coexistence/data/raw/plate_scan/emergent_coexistence_plate_scan_check/check/C-10-bootstrap/
C_T8_C11R1_6,green,/Users/chang-yu/Dropbox/lab/emergent-coexistence/data/raw/plate_scan/emergent_coexistence_plate_scan_check/check/C-00-original/,/Users/chang-yu/Dropbox/lab/emergent-coexistence/data/raw/plate_scan/emergent_coexistence_plate_scan_check/check/C-01-channel/,/Users/chang-yu/Dropbox/lab/emergent-coexistence/data/raw/plate_scan/emergent_coexistence_plate_scan_check/check/C-02-rolled/,/Users/chang-yu/Dropbox/lab/emergent-coexistence/data/raw/plate_scan/emergent_coexistence_plate_scan_check/check/C-03-threshold/,/Users/chang-yu/Dropbox/lab/emergent-coexistence/data/raw/plate_scan/emergent_coexistence_plate_scan_check/check/C-04-round/,/Users/chang-yu/Dropbox/lab/emergent-coexistence/data/raw/plate_scan/emergent_coexistence_plate_scan_check/check/C-05-watershed/,/Users/chang-yu/Dropbox/lab/emergent-coexistence/data/raw/plate_scan/emergent_coexistence_plate_scan_check/check/C-06-transection/,/Users/chang-yu/Dropbox/lab/emergent-coexistence/data/raw/plate_scan/emergent_coexistence_plate_scan_check/check/C-07-feature/,/Users/chang-yu/Dropbox/lab/emergent-coexistence/data/raw/plate_scan/emergent_coexistence_plate_scan_check/check/C-08-logit/,/Users/chang-yu/Dropbox/lab/emergent-coexistence/data/raw/plate_scan/emergent_coexistence_plate_scan_check/check/C-09-random_forest/,/Users/chang-yu/Dropbox/lab/emergent-coexistence/data/raw/plate_scan/emergent_coexistence_plate_scan_check/check/C-10-bootstrap/
C_T8_C11R1_7,green,/Users/chang-yu/Dropbox/lab/emergent-coexistence/data/raw/plate_scan/emergent_coexistence_plate_scan_check/check/C-00-original/,/Users/chang-yu/Dropbox/lab/emergent-coexistence/data/raw/plate_scan/emergent_coexistence_plate_scan_check/check/C-01-channel/,/Users/chang-yu/Dropbox/lab/emergent-coexistence/data/raw/plate_scan/emergent_coexistence_plate_scan_check/check/C-02-rolled/,/Users/chang-yu/Dropbox/lab/emergent-coexistence/data/raw/plate_scan/emergent_coexistence_plate_scan_check/check/C-03-threshold/,/Users/chang-yu/Dropbox/lab/emergent-coexistence/data/raw/plate_scan/emergent_coexistence_plate_scan_check/check/C-04-round/,/Users/chang-yu/Dropbox/lab/emergent-coexistence/data/raw/plate_scan/emergent_coexistence_plate_scan_check/check/C-05-watershed/,/Users/chang-yu/Dropbox/lab/emergent-coexistence/data/raw/plate_scan/emergent_coexistence_plate_scan_check/check/C-06-transection/,/Users/chang-yu/Dropbox/lab/emergent-coexistence/data/raw/plate_scan/emergent_coexistence_plate_scan_check/check/C-07-feature/,/Users/chang-yu/Dropbox/lab/emergent-coexistence/data/raw/plate_scan/emergent_coexistence_plate_scan_check/check/C-08-logit/,/Users/chang-yu/Dropbox/lab/emergent-coexistence/data/raw/plate_scan/emergent_coexistence_plate_scan_check/check/C-09-random_forest/,/Users/chang-yu/Dropbox/lab/emergent-coexistence/data/raw/plate_scan/emergent_coexistence_plate_scan_check/check/C-10-bootstrap/
